Year,Status,20000,30000,40000,50000,70000,100000,150000,200000,250000,300000,500000,800000,1000000,1500000,2000000,5000000,10000000,20000000,50000000,100000000,500000000,1000000000
1913,Head of Household,0.01,0.01,0.01,0.01,0.01,0.01,0.01,0.01,0.01,0.01,0.01,0.02,0.02,0.03,0.04,0.05,0.06,0.07,0.07,0.07,0.07,0.07
1913,Married Filing Jointly,0.01,0.01,0.01,0.01,0.01,0.01,0.01,0.01,0.01,0.01,0.01,0.02,0.02,0.03,0.04,0.05,0.06,0.07,0.07,0.07,0.07,0.07
1913,Married Filing Seperately,0.01,0.01,0.01,0.01,0.01,0.01,0.01,0.01,0.01,0.01,0.01,0.02,0.02,0.03,0.04,0.05,0.06,0.07,0.07,0.07,0.07,0.07
1913,Single,0.01,0.01,0.01,0.01,0.01,0.01,0.01,0.01,0.01,0.01,0.01,0.02,0.02,0.03,0.04,0.05,0.06,0.07,0.07,0.07,0.07,0.07
1914,Head of Household,0.01,0.01,0.01,0.01,0.01,0.01,0.01,0.01,0.01,0.01,0.01,0.02,0.02,0.03,0.04,0.05,0.06,0.07,0.07,0.07,0.07,0.07
1914,Married Filing Jointly,0.01,0.01,0.01,0.01,0.01,0.01,0.01,0.01,0.01,0.01,0.01,0.02,0.02,0.03,0.04,0.05,0.06,0.07,0.07,0.07,0.07,0.07
1914,Married Filing Seperately,0.01,0.01,0.01,0.01,0.01,0.01,0.01,0.01,0.01,0.01,0.01,0.02,0.02,0.03,0.04,0.05,0.06,0.07,0.07,0.07,0.07,0.07
1914,Single,0.01,0.01,0.01,0.01,0.01,0.01,0.01,0.01,0.01,0.01,0.01,0.02,0.02,0.03,0.04,0.05,0.06,0.07,0.07,0.07,0.07,0.07
1915,Head of Household,0.01,0.01,0.01,0.01,0.01,0.01,0.01,0.01,0.01,0.01,0.01,0.02,0.02,0.03,0.04,0.05,0.06,0.07,0.07,0.07,0.07,0.07
1915,Married Filing Jointly,0.01,0.01,0.01,0.01,0.01,0.01,0.01,0.01,0.01,0.01,0.01,0.02,0.02,0.03,0.04,0.05,0.06,0.07,0.07,0.07,0.07,0.07
1915,Married Filing Seperately,0.01,0.01,0.01,0.01,0.01,0.01,0.01,0.01,0.01,0.01,0.01,0.02,0.02,0.03,0.04,0.05,0.06,0.07,0.07,0.07,0.07,0.07
1915,Single,0.01,0.01,0.01,0.01,0.01,0.01,0.01,0.01,0.01,0.01,0.01,0.02,0.02,0.03,0.04,0.05,0.06,0.07,0.07,0.07,0.07,0.07
1916,Head of Household,0.02,0.02,0.02,0.02,0.02,0.02,0.02,0.02,0.02,0.02,0.03,0.03,0.04,0.05,0.06,0.09,0.11,0.12,0.15,0.15,0.15,0.15
1916,Married Filing Jointly,0.02,0.02,0.02,0.02,0.02,0.02,0.02,0.02,0.02,0.02,0.03,0.03,0.04,0.05,0.06,0.09,0.11,0.12,0.15,0.15,0.15,0.15
1916,Married Filing Seperately,0.02,0.02,0.02,0.02,0.02,0.02,0.02,0.02,0.02,0.02,0.03,0.03,0.04,0.05,0.06,0.09,0.11,0.12,0.15,0.15,0.15,0.15
1916,Single,0.02,0.02,0.02,0.02,0.02,0.02,0.02,0.02,0.02,0.02,0.03,0.03,0.04,0.05,0.06,0.09,0.11,0.12,0.15,0.15,0.15,0.15
1917,Head of Household,0.02,0.02,0.02,0.04,0.04,0.04,0.05,0.06,0.07,0.08,0.12,0.12,0.16,0.21,0.26,0.41,0.5,0.59,0.67,0.67,0.67,0.67
1917,Married Filing Jointly,0.02,0.02,0.02,0.04,0.04,0.04,0.05,0.06,0.07,0.08,0.12,0.12,0.16,0.21,0.26,0.41,0.5,0.59,0.67,0.67,0.67,0.67
1917,Married Filing Seperately,0.02,0.02,0.02,0.04,0.04,0.04,0.05,0.06,0.07,0.08,0.12,0.12,0.16,0.21,0.26,0.41,0.5,0.59,0.67,0.67,0.67,0.67
1917,Single,0.02,0.02,0.02,0.04,0.04,0.04,0.05,0.06,0.07,0.08,0.12,0.12,0.16,0.21,0.26,0.41,0.5,0.59,0.67,0.67,0.67,0.67
1918,Head of Household,0.06,0.06,0.06,0.06,0.06,0.13,0.15,0.16,0.17,0.19,0.24,0.32,0.38,0.51,0.64,0.72,0.76,0.77,0.77,0.77,0.77,0.77
1918,Married Filing Jointly,0.06,0.06,0.06,0.06,0.06,0.13,0.15,0.16,0.17,0.19,0.24,0.32,0.38,0.51,0.64,0.72,0.76,0.77,0.77,0.77,0.77,0.77
1918,Married Filing Seperately,0.06,0.06,0.06,0.06,0.06,0.13,0.15,0.16,0.17,0.19,0.24,0.32,0.38,0.51,0.64,0.72,0.76,0.77,0.77,0.77,0.77,0.77
1918,Single,0.06,0.06,0.06,0.06,0.06,0.13,0.15,0.16,0.17,0.19,0.24,0.32,0.38,0.51,0.64,0.72,0.76,0.77,0.77,0.77,0.77,0.77
1919,Head of Household,0.04,0.04,0.04,0.04,0.08,0.1,0.11,0.13,0.14,0.16,0.22,0.32,0.38,0.54,0.6,0.71,0.72,0.73,0.73,0.73,0.73,0.73
1919,Married Filing Jointly,0.04,0.04,0.04,0.04,0.08,0.1,0.11,0.13,0.14,0.16,0.22,0.32,0.38,0.54,0.6,0.71,0.72,0.73,0.73,0.73,0.73,0.73
1919,Married Filing Seperately,0.04,0.04,0.04,0.04,0.08,0.1,0.11,0.13,0.14,0.16,0.22,0.32,0.38,0.54,0.6,0.71,0.72,0.73,0.73,0.73,0.73,0.73
1919,Single,0.04,0.04,0.04,0.04,0.08,0.1,0.11,0.13,0.14,0.16,0.22,0.32,0.38,0.54,0.6,0.71,0.72,0.73,0.73,0.73,0.73,0.73
1920,Head of Household,0.04,0.04,0.04,0.04,0.09,0.1,0.12,0.14,0.16,0.18,0.25,0.36,0.44,0.6,0.6,0.71,0.72,0.73,0.73,0.73,0.73,0.73
1920,Married Filing Jointly,0.04,0.04,0.04,0.04,0.09,0.1,0.12,0.14,0.16,0.18,0.25,0.36,0.44,0.6,0.6,0.71,0.72,0.73,0.73,0.73,0.73,0.73
1920,Married Filing Seperately,0.04,0.04,0.04,0.04,0.09,0.1,0.12,0.14,0.16,0.18,0.25,0.36,0.44,0.6,0.6,0.71,0.72,0.73,0.73,0.73,0.73,0.73
1920,Single,0.04,0.04,0.04,0.04,0.09,0.1,0.12,0.14,0.16,0.18,0.25,0.36,0.44,0.6,0.6,0.71,0.72,0.73,0.73,0.73,0.73,0.73
1921,Head of Household,0.04,0.04,0.04,0.04,0.09,0.1,0.12,0.14,0.16,0.18,0.25,0.36,0.43,0.6,0.6,0.71,0.72,0.73,0.73,0.73,0.73,0.73
1921,Married Filing Jointly,0.04,0.04,0.04,0.04,0.09,0.1,0.12,0.14,0.16,0.18,0.25,0.36,0.43,0.6,0.6,0.71,0.72,0.73,0.73,0.73,0.73,0.73
1921,Married Filing Seperately,0.04,0.04,0.04,0.04,0.09,0.1,0.12,0.14,0.16,0.18,0.25,0.36,0.43,0.6,0.6,0.71,0.72,0.73,0.73,0.73,0.73,0.73
1921,Single,0.04,0.04,0.04,0.04,0.09,0.1,0.12,0.14,0.16,0.18,0.25,0.36,0.43,0.6,0.6,0.71,0.72,0.73,0.73,0.73,0.73,0.73
1922,Head of Household,0.04,0.04,0.04,0.04,0.08,0.09,0.09,0.11,0.13,0.14,0.23,0.32,0.38,0.55,0.56,0.58,0.58,0.58,0.58,0.58,0.58,0.58
1922,Married Filing Jointly,0.04,0.04,0.04,0.04,0.08,0.09,0.09,0.11,0.13,0.14,0.23,0.32,0.38,0.55,0.56,0.58,0.58,0.58,0.58,0.58,0.58,0.58
1922,Married Filing Seperately,0.04,0.04,0.04,0.04,0.08,0.09,0.09,0.11,0.13,0.14,0.23,0.32,0.38,0.55,0.56,0.58,0.58,0.58,0.58,0.58,0.58,0.58
1922,Single,0.04,0.04,0.04,0.04,0.08,0.09,0.09,0.11,0.13,0.14,0.23,0.32,0.38,0.55,0.56,0.58,0.58,0.58,0.58,0.58,0.58,0.58
1923,Head of Household,0.04,0.04,0.04,0.04,0.08,0.09,0.09,0.11,0.13,0.14,0.23,0.32,0.38,0.54,0.56,0.58,0.58,0.58,0.58,0.58,0.58,0.58
1923,Married Filing Jointly,0.04,0.04,0.04,0.04,0.08,0.09,0.09,0.11,0.13,0.14,0.23,0.32,0.38,0.54,0.56,0.58,0.58,0.58,0.58,0.58,0.58,0.58
1923,Married Filing Seperately,0.04,0.04,0.04,0.04,0.08,0.09,0.09,0.11,0.13,0.14,0.23,0.32,0.38,0.54,0.56,0.58,0.58,0.58,0.58,0.58,0.58,0.58
1923,Single,0.04,0.04,0.04,0.04,0.08,0.09,0.09,0.11,0.13,0.14,0.23,0.32,0.38,0.54,0.56,0.58,0.58,0.58,0.58,0.58,0.58,0.58
1924,Head of Household,0.02,0.02,0.02,0.02,0.04,0.04,0.07,0.07,0.09,0.11,0.16,0.25,0.3,0.43,0.43,0.45,0.46,0.46,0.46,0.46,0.46,0.46
1924,Married Filing Jointly,0.02,0.02,0.02,0.02,0.04,0.04,0.07,0.07,0.09,0.11,0.16,0.25,0.3,0.43,0.43,0.45,0.46,0.46,0.46,0.46,0.46,0.46
1924,Married Filing Seperately,0.02,0.02,0.02,0.02,0.04,0.04,0.07,0.07,0.09,0.11,0.16,0.25,0.3,0.43,0.43,0.45,0.46,0.46,0.46,0.46,0.46,0.46
1924,Single,0.02,0.02,0.02,0.02,0.04,0.04,0.07,0.07,0.09,0.11,0.16,0.25,0.3,0.43,0.43,0.45,0.46,0.46,0.46,0.46,0.46,0.46
1925,Head of Household,0.015,0.015,0.015,0.015,0.03,0.03,0.06,0.06,0.08,0.1,0.14,0.19,0.22,0.25,0.25,0.25,0.25,0.25,0.25,0.25,0.25,0.25
1925,Married Filing Jointly,0.015,0.015,0.015,0.015,0.03,0.03,0.06,0.06,0.08,0.1,0.14,0.19,0.22,0.25,0.25,0.25,0.25,0.25,0.25,0.25,0.25,0.25
1925,Married Filing Seperately,0.015,0.015,0.015,0.015,0.03,0.03,0.06,0.06,0.08,0.1,0.14,0.19,0.22,0.25,0.25,0.25,0.25,0.25,0.25,0.25,0.25,0.25
1925,Single,0.015,0.015,0.015,0.015,0.03,0.03,0.06,0.06,0.08,0.1,0.14,0.19,0.22,0.25,0.25,0.25,0.25,0.25,0.25,0.25,0.25,0.25
1926,Head of Household,0.015,0.015,0.015,0.015,0.03,0.03,0.06,0.06,0.08,0.1,0.14,0.19,0.22,0.25,0.25,0.25,0.25,0.25,0.25,0.25,0.25,0.25
1926,Married Filing Jointly,0.015,0.015,0.015,0.015,0.03,0.03,0.06,0.06,0.08,0.1,0.14,0.19,0.22,0.25,0.25,0.25,0.25,0.25,0.25,0.25,0.25,0.25
1926,Married Filing Seperately,0.015,0.015,0.015,0.015,0.03,0.03,0.06,0.06,0.08,0.1,0.14,0.19,0.22,0.25,0.25,0.25,0.25,0.25,0.25,0.25,0.25,0.25
1926,Single,0.015,0.015,0.015,0.015,0.03,0.03,0.06,0.06,0.08,0.1,0.14,0.19,0.22,0.25,0.25,0.25,0.25,0.25,0.25,0.25,0.25,0.25
1927,Head of Household,0.015,0.015,0.015,0.015,0.03,0.03,0.06,0.06,0.08,0.1,0.14,0.19,0.22,0.25,0.25,0.25,0.25,0.25,0.25,0.25,0.25,0.25
1927,Married Filing Jointly,0.015,0.015,0.015,0.015,0.03,0.03,0.06,0.06,0.08,0.1,0.14,0.19,0.22,0.25,0.25,0.25,0.25,0.25,0.25,0.25,0.25,0.25
1927,Married Filing Seperately,0.015,0.015,0.015,0.015,0.03,0.03,0.06,0.06,0.08,0.1,0.14,0.19,0.22,0.25,0.25,0.25,0.25,0.25,0.25,0.25,0.25,0.25
1927,Single,0.015,0.015,0.015,0.015,0.03,0.03,0.06,0.06,0.08,0.1,0.14,0.19,0.22,0.25,0.25,0.25,0.25,0.25,0.25,0.25,0.25,0.25
1928,Head of Household,0.015,0.015,0.015,0.015,0.03,0.03,0.06,0.06,0.08,0.1,0.14,0.19,0.22,0.25,0.25,0.25,0.25,0.25,0.25,0.25,0.25,0.25
1928,Married Filing Jointly,0.015,0.015,0.015,0.015,0.03,0.03,0.06,0.06,0.08,0.1,0.14,0.19,0.22,0.25,0.25,0.25,0.25,0.25,0.25,0.25,0.25,0.25
1928,Married Filing Seperately,0.015,0.015,0.015,0.015,0.03,0.03,0.06,0.06,0.08,0.1,0.14,0.19,0.22,0.25,0.25,0.25,0.25,0.25,0.25,0.25,0.25,0.25
1928,Single,0.015,0.015,0.015,0.015,0.03,0.03,0.06,0.06,0.08,0.1,0.14,0.19,0.22,0.25,0.25,0.25,0.25,0.25,0.25,0.25,0.25,0.25
1929,Head of Household,0.015,0.015,0.015,0.015,0.03,0.03,0.05,0.06,0.08,0.09,0.14,0.19,0.22,0.24,0.25,0.25,0.25,0.25,0.25,0.25,0.25,0.25
1929,Married Filing Jointly,0.015,0.015,0.015,0.015,0.03,0.03,0.05,0.06,0.08,0.09,0.14,0.19,0.22,0.24,0.25,0.25,0.25,0.25,0.25,0.25,0.25,0.25
1929,Married Filing Seperately,0.015,0.015,0.015,0.015,0.03,0.03,0.05,0.06,0.08,0.09,0.14,0.19,0.22,0.24,0.25,0.25,0.25,0.25,0.25,0.25,0.25,0.25
1929,Single,0.015,0.015,0.015,0.015,0.03,0.03,0.05,0.06,0.08,0.09,0.14,0.19,0.22,0.24,0.25,0.25,0.25,0.25,0.25,0.25,0.25,0.25
1930,Head of Household,0.015,0.015,0.015,0.015,0.03,0.03,0.05,0.06,0.08,0.09,0.14,0.19,0.22,0.24,0.25,0.25,0.25,0.25,0.25,0.25,0.25,0.25
1930,Married Filing Jointly,0.015,0.015,0.015,0.015,0.03,0.03,0.05,0.06,0.08,0.09,0.14,0.19,0.22,0.24,0.25,0.25,0.25,0.25,0.25,0.25,0.25,0.25
1930,Married Filing Seperately,0.015,0.015,0.015,0.015,0.03,0.03,0.05,0.06,0.08,0.09,0.14,0.19,0.22,0.24,0.25,0.25,0.25,0.25,0.25,0.25,0.25,0.25
1930,Single,0.015,0.015,0.015,0.015,0.03,0.03,0.05,0.06,0.08,0.09,0.14,0.19,0.22,0.24,0.25,0.25,0.25,0.25,0.25,0.25,0.25,0.25
1931,Head of Household,0.015,0.015,0.015,0.015,0.03,0.03,0.05,0.06,0.07,0.09,0.13,0.18,0.21,0.24,0.25,0.25,0.25,0.25,0.25,0.25,0.25,0.25
1931,Married Filing Jointly,0.015,0.015,0.015,0.015,0.03,0.03,0.05,0.06,0.07,0.09,0.13,0.18,0.21,0.24,0.25,0.25,0.25,0.25,0.25,0.25,0.25,0.25
1931,Married Filing Seperately,0.015,0.015,0.015,0.015,0.03,0.03,0.05,0.06,0.07,0.09,0.13,0.18,0.21,0.24,0.25,0.25,0.25,0.25,0.25,0.25,0.25,0.25
1931,Single,0.015,0.015,0.015,0.015,0.03,0.03,0.05,0.06,0.07,0.09,0.13,0.18,0.21,0.24,0.25,0.25,0.25,0.25,0.25,0.25,0.25,0.25
1932,Head of Household,0.04,0.04,0.04,0.04,0.04,0.08,0.09,0.1,0.11,0.13,0.19,0.28,0.33,0.47,0.56,0.58,0.61,0.63,0.63,0.63,0.63,0.63
1932,Married Filing Jointly,0.04,0.04,0.04,0.04,0.04,0.08,0.09,0.1,0.11,0.13,0.19,0.28,0.33,0.47,0.56,0.58,0.61,0.63,0.63,0.63,0.63,0.63
1932,Married Filing Seperately,0.04,0.04,0.04,0.04,0.04,0.08,0.09,0.1,0.11,0.13,0.19,0.28,0.33,0.47,0.56,0.58,0.61,0.63,0.63,0.63,0.63,0.63
1932,Single,0.04,0.04,0.04,0.04,0.04,0.08,0.09,0.1,0.11,0.13,0.19,0.28,0.33,0.47,0.56,0.58,0.61,0.63,0.63,0.63,0.63,0.63
1933,Head of Household,0.04,0.04,0.04,0.04,0.04,0.08,0.09,0.1,0.11,0.12,0.18,0.26,0.31,0.43,0.56,0.58,0.61,0.63,0.63,0.63,0.63,0.63
1933,Married Filing Jointly,0.04,0.04,0.04,0.04,0.04,0.08,0.09,0.1,0.11,0.12,0.18,0.26,0.31,0.43,0.56,0.58,0.61,0.63,0.63,0.63,0.63,0.63
1933,Married Filing Seperately,0.04,0.04,0.04,0.04,0.04,0.08,0.09,0.1,0.11,0.12,0.18,0.26,0.31,0.43,0.56,0.58,0.61,0.63,0.63,0.63,0.63,0.63
1933,Single,0.04,0.04,0.04,0.04,0.04,0.08,0.09,0.1,0.11,0.12,0.18,0.26,0.31,0.43,0.56,0.58,0.61,0.63,0.63,0.63,0.63,0.63
1934,Head of Household,0.04,0.04,0.04,0.04,0.04,0.08,0.09,0.11,0.12,0.13,0.21,0.28,0.34,0.46,0.56,0.58,0.61,0.63,0.63,0.63,0.63,0.63
1934,Married Filing Jointly,0.04,0.04,0.04,0.04,0.04,0.08,0.09,0.11,0.12,0.13,0.21,0.28,0.34,0.46,0.56,0.58,0.61,0.63,0.63,0.63,0.63,0.63
1934,Married Filing Seperately,0.04,0.04,0.04,0.04,0.04,0.08,0.09,0.11,0.12,0.13,0.21,0.28,0.34,0.46,0.56,0.58,0.61,0.63,0.63,0.63,0.63,0.63
1934,Single,0.04,0.04,0.04,0.04,0.04,0.08,0.09,0.11,0.12,0.13,0.21,0.28,0.34,0.46,0.56,0.58,0.61,0.63,0.63,0.63,0.63,0.63
1935,Head of Household,0.04,0.04,0.04,0.04,0.04,0.08,0.09,0.11,0.12,0.13,0.23,0.28,0.34,0.46,0.56,0.58,0.61,0.63,0.63,0.63,0.63,0.63
1935,Married Filing Jointly,0.04,0.04,0.04,0.04,0.04,0.08,0.09,0.11,0.12,0.13,0.23,0.28,0.34,0.46,0.56,0.58,0.61,0.63,0.63,0.63,0.63,0.63
1935,Married Filing Seperately,0.04,0.04,0.04,0.04,0.04,0.08,0.09,0.11,0.12,0.13,0.23,0.28,0.34,0.46,0.56,0.58,0.61,0.63,0.63,0.63,0.63,0.63
1935,Single,0.04,0.04,0.04,0.04,0.04,0.08,0.09,0.11,0.12,0.13,0.23,0.28,0.34,0.46,0.56,0.58,0.61,0.63,0.63,0.63,0.63,0.63
1936,Head of Household,0.04,0.04,0.04,0.04,0.04,0.08,0.1,0.11,0.12,0.15,0.23,0.28,0.35000000000000003,0.55,0.62,0.68,0.74,0.77,0.78,0.79,0.79,0.79
1936,Married Filing Jointly,0.04,0.04,0.04,0.04,0.04,0.08,0.1,0.11,0.12,0.15,0.23,0.28,0.35000000000000003,0.55,0.62,0.68,0.74,0.77,0.78,0.79,0.79,0.79
1936,Married Filing Seperately,0.04,0.04,0.04,0.04,0.04,0.08,0.1,0.11,0.12,0.15,0.23,0.28,0.35000000000000003,0.55,0.62,0.68,0.74,0.77,0.78,0.79,0.79,0.79
1936,Single,0.04,0.04,0.04,0.04,0.04,0.08,0.1,0.11,0.12,0.15,0.23,0.28,0.35000000000000003,0.55,0.62,0.68,0.74,0.77,0.78,0.79,0.79,0.79
1937,Head of Household,0.04,0.04,0.04,0.04,0.04,0.08,0.1,0.11,0.12,0.15,0.23,0.28,0.35000000000000003,0.55,0.62,0.68,0.74,0.77,0.78,0.79,0.79,0.79
1937,Married Filing Jointly,0.04,0.04,0.04,0.04,0.04,0.08,0.1,0.11,0.12,0.15,0.23,0.28,0.35000000000000003,0.55,0.62,0.68,0.74,0.77,0.78,0.79,0.79,0.79
1937,Married Filing Seperately,0.04,0.04,0.04,0.04,0.04,0.08,0.1,0.11,0.12,0.15,0.23,0.28,0.35000000000000003,0.55,0.62,0.68,0.74,0.77,0.78,0.79,0.79,0.79
1937,Single,0.04,0.04,0.04,0.04,0.04,0.08,0.1,0.11,0.12,0.15,0.23,0.28,0.35000000000000003,0.55,0.62,0.68,0.74,0.77,0.78,0.79,0.79,0.79
1938,Head of Household,0.04,0.04,0.04,0.04,0.04,0.08,0.1,0.11,0.12,0.15,0.23,0.31,0.35000000000000003,0.55,0.62,0.68,0.74,0.77,0.78,0.79,0.79,0.79
1938,Married Filing Jointly,0.04,0.04,0.04,0.04,0.04,0.08,0.1,0.11,0.12,0.15,0.23,0.31,0.35000000000000003,0.55,0.62,0.68,0.74,0.77,0.78,0.79,0.79,0.79
1938,Married Filing Seperately,0.04,0.04,0.04,0.04,0.04,0.08,0.1,0.11,0.12,0.15,0.23,0.31,0.35000000000000003,0.55,0.62,0.68,0.74,0.77,0.78,0.79,0.79,0.79
1938,Single,0.04,0.04,0.04,0.04,0.04,0.08,0.1,0.11,0.12,0.15,0.23,0.31,0.35000000000000003,0.55,0.62,0.68,0.74,0.77,0.78,0.79,0.79,0.79
1939,Head of Household,0.04,0.04,0.04,0.04,0.04,0.08,0.1,0.11,0.12,0.15,0.23,0.28,0.35000000000000003,0.55,0.62,0.68,0.74,0.77,0.78,0.79,0.79,0.79
1939,Married Filing Jointly,0.04,0.04,0.04,0.04,0.04,0.08,0.1,0.11,0.12,0.15,0.23,0.28,0.35000000000000003,0.55,0.62,0.68,0.74,0.77,0.78,0.79,0.79,0.79
1939,Married Filing Seperately,0.04,0.04,0.04,0.04,0.04,0.08,0.1,0.11,0.12,0.15,0.23,0.28,0.35000000000000003,0.55,0.62,0.68,0.74,0.77,0.78,0.79,0.79,0.79
1939,Single,0.04,0.04,0.04,0.04,0.04,0.08,0.1,0.11,0.12,0.15,0.23,0.28,0.35000000000000003,0.55,0.62,0.68,0.74,0.77,0.78,0.79,0.79,0.79
1940,Head of Household,0.04,0.04,0.04,0.04,0.04,0.08,0.12,0.14,0.16,0.22,0.34,0.4,0.48,0.5700000000000001,0.62,0.68,0.74,0.77,0.78,0.79,0.79,0.79
1940,Married Filing Jointly,0.04,0.04,0.04,0.04,0.04,0.08,0.12,0.14,0.16,0.22,0.34,0.4,0.48,0.5700000000000001,0.62,0.68,0.74,0.77,0.78,0.79,0.79,0.79
1940,Married Filing Seperately,0.04,0.04,0.04,0.04,0.04,0.08,0.12,0.14,0.16,0.22,0.34,0.4,0.48,0.5700000000000001,0.62,0.68,0.74,0.77,0.78,0.79,0.79,0.79
1940,Single,0.04,0.04,0.04,0.04,0.04,0.08,0.12,0.14,0.16,0.22,0.34,0.4,0.48,0.5700000000000001,0.62,0.68,0.74,0.77,0.78,0.79,0.79,0.79
1941,Head of Household,0.1,0.1,0.13,0.13,0.13,0.17,0.25,0.29,0.33,0.39,0.51,0.5700000000000001,0.61,0.67,0.6900000000000001,0.73,0.77,0.79,0.8,0.81,0.81,0.81
1941,Married Filing Jointly,0.1,0.1,0.13,0.13,0.13,0.17,0.25,0.29,0.33,0.39,0.51,0.5700000000000001,0.61,0.67,0.6900000000000001,0.73,0.77,0.79,0.8,0.81,0.81,0.81
1941,Married Filing Seperately,0.1,0.1,0.13,0.13,0.13,0.17,0.25,0.29,0.33,0.39,0.51,0.5700000000000001,0.61,0.67,0.6900000000000001,0.73,0.77,0.79,0.8,0.81,0.81,0.81
1941,Single,0.1,0.1,0.13,0.13,0.13,0.17,0.25,0.29,0.33,0.39,0.51,0.5700000000000001,0.61,0.67,0.6900000000000001,0.73,0.77,0.79,0.8,0.81,0.81,0.81
1942,Head of Household,0.19,0.19,0.22,0.22,0.26,0.3,0.34,0.42,0.46,0.52,0.61,0.6900000000000001,0.75,0.8300000000000001,0.85,0.88,0.88,0.88,0.88,0.88,0.88,0.88
1942,Married Filing Jointly,0.19,0.19,0.22,0.22,0.26,0.3,0.34,0.42,0.46,0.52,0.61,0.6900000000000001,0.75,0.8300000000000001,0.85,0.88,0.88,0.88,0.88,0.88,0.88,0.88
1942,Married Filing Seperately,0.19,0.19,0.22,0.22,0.26,0.3,0.34,0.42,0.46,0.52,0.61,0.6900000000000001,0.75,0.8300000000000001,0.85,0.88,0.88,0.88,0.88,0.88,0.88,0.88
1942,Single,0.19,0.19,0.22,0.22,0.26,0.3,0.34,0.42,0.46,0.52,0.61,0.6900000000000001,0.75,0.8300000000000001,0.85,0.88,0.88,0.88,0.88,0.88,0.88,0.88
1943,Head of Household,0.19,0.19,0.22,0.22,0.26,0.3,0.34,0.42,0.49,0.52,0.64,0.72,0.75,0.8300000000000001,0.85,0.88,0.88,0.88,0.88,0.88,0.88,0.88
1943,Married Filing Jointly,0.19,0.19,0.22,0.22,0.26,0.3,0.34,0.42,0.49,0.52,0.64,0.72,0.75,0.8300000000000001,0.85,0.88,0.88,0.88,0.88,0.88,0.88,0.88
1943,Married Filing Seperately,0.19,0.19,0.22,0.22,0.26,0.3,0.34,0.42,0.49,0.52,0.64,0.72,0.75,0.8300000000000001,0.85,0.88,0.88,0.88,0.88,0.88,0.88,0.88
1943,Single,0.19,0.19,0.22,0.22,0.26,0.3,0.34,0.42,0.49,0.52,0.64,0.72,0.75,0.8300000000000001,0.85,0.88,0.88,0.88,0.88,0.88,0.88,0.88
1944,Head of Household,0.23,0.25,0.25,0.25,0.29,0.33,0.41,0.46,0.53,0.59,0.68,0.78,0.81,0.92,0.92,0.94,0.94,0.94,0.94,0.94,0.94,0.94
1944,Married Filing Jointly,0.23,0.25,0.25,0.25,0.29,0.33,0.41,0.46,0.53,0.59,0.68,0.78,0.81,0.92,0.92,0.94,0.94,0.94,0.94,0.94,0.94,0.94
1944,Married Filing Seperately,0.23,0.25,0.25,0.25,0.29,0.33,0.41,0.46,0.53,0.59,0.68,0.78,0.81,0.92,0.92,0.94,0.94,0.94,0.94,0.94,0.94,0.94
1944,Single,0.23,0.25,0.25,0.25,0.29,0.33,0.41,0.46,0.53,0.59,0.68,0.78,0.81,0.92,0.92,0.94,0.94,0.94,0.94,0.94,0.94,0.94
1945,Head of Household,0.23,0.25,0.25,0.25,0.29,0.33,0.41,0.46,0.53,0.59,0.68,0.78,0.81,0.92,0.92,0.94,0.94,0.94,0.94,0.94,0.94,0.94
1945,Married Filing Jointly,0.23,0.25,0.25,0.25,0.29,0.33,0.41,0.46,0.53,0.59,0.68,0.78,0.81,0.92,0.92,0.94,0.94,0.94,0.94,0.94,0.94,0.94
1945,Married Filing Seperately,0.23,0.25,0.25,0.25,0.29,0.33,0.41,0.46,0.53,0.59,0.68,0.78,0.81,0.92,0.92,0.94,0.94,0.94,0.94,0.94,0.94,0.94
1945,Single,0.23,0.25,0.25,0.25,0.29,0.33,0.41,0.46,0.53,0.59,0.68,0.78,0.81,0.92,0.92,0.94,0.94,0.94,0.94,0.94,0.94,0.94
1946,Head of Household,0.2,0.22,0.22,0.22,0.26,0.3,0.38,0.47,0.5,0.56,0.65,0.75,0.81,0.89,0.89,0.91,0.91,0.91,0.91,0.91,0.91,0.91
1946,Married Filing Jointly,0.2,0.22,0.22,0.22,0.26,0.3,0.38,0.47,0.5,0.56,0.65,0.75,0.81,0.89,0.89,0.91,0.91,0.91,0.91,0.91,0.91,0.91
1946,Married Filing Seperately,0.2,0.22,0.22,0.22,0.26,0.3,0.38,0.47,0.5,0.56,0.65,0.75,0.81,0.89,0.89,0.91,0.91,0.91,0.91,0.91,0.91,0.91
1946,Single,0.2,0.22,0.22,0.22,0.26,0.3,0.38,0.47,0.5,0.56,0.65,0.75,0.81,0.89,0.89,0.91,0.91,0.91,0.91,0.91,0.91,0.91
1947,Head of Household,0.2,0.22,0.22,0.26,0.26,0.34,0.43,0.5,0.56,0.59,0.6900000000000001,0.78,0.84,0.89,0.9,0.91,0.91,0.91,0.91,0.91,0.91,0.91
1947,Married Filing Jointly,0.2,0.22,0.22,0.26,0.26,0.34,0.43,0.5,0.56,0.59,0.6900000000000001,0.78,0.84,0.89,0.9,0.91,0.91,0.91,0.91,0.91,0.91,0.91
1947,Married Filing Seperately,0.2,0.22,0.22,0.26,0.26,0.34,0.43,0.5,0.56,0.59,0.6900000000000001,0.78,0.84,0.89,0.9,0.91,0.91,0.91,0.91,0.91,0.91,0.91
1947,Single,0.2,0.22,0.22,0.26,0.26,0.34,0.43,0.5,0.56,0.59,0.6900000000000001,0.78,0.84,0.89,0.9,0.91,0.91,0.91,0.91,0.91,0.91,0.91
1948,Head of Household,0.2,0.22,0.22,0.26,0.3,0.34,0.43,0.53,0.59,0.62,0.72,0.81,0.87,0.89,0.9,0.91,0.91,0.91,0.91,0.91,0.91,0.91
1948,Married Filing Jointly,0.2,0.22,0.22,0.26,0.3,0.34,0.43,0.53,0.59,0.62,0.72,0.81,0.87,0.89,0.9,0.91,0.91,0.91,0.91,0.91,0.91,0.91
1948,Married Filing Seperately,0.2,0.22,0.22,0.26,0.3,0.34,0.43,0.53,0.59,0.62,0.72,0.81,0.87,0.89,0.9,0.91,0.91,0.91,0.91,0.91,0.91,0.91
1948,Single,0.2,0.22,0.22,0.26,0.3,0.34,0.43,0.53,0.59,0.62,0.72,0.81,0.87,0.89,0.9,0.91,0.91,0.91,0.91,0.91,0.91,0.91
1949,Head of Household,0.2,0.22,0.22,0.26,0.3,0.34,0.43,0.53,0.59,0.62,0.72,0.81,0.87,0.89,0.9,0.91,0.91,0.91,0.91,0.91,0.91,0.91
1949,Married Filing Jointly,,,,,,,,,,,,,,,,,,,,,,
1949,Married Filing Seperately,0.2,0.22,0.22,0.26,0.3,0.34,0.43,0.53,0.59,0.62,0.72,0.81,0.87,0.89,0.9,0.91,0.91,0.91,0.91,0.91,0.91,0.91
1949,Single,0.2,0.22,0.22,0.26,0.3,0.34,0.43,0.53,0.59,0.62,0.72,0.81,0.87,0.89,0.9,0.91,0.91,0.91,0.91,0.91,0.91,0.91
1950,Head of Household,0.2,0.22,0.22,0.26,0.3,0.34,0.43,0.53,0.59,0.62,0.72,0.81,0.87,0.89,0.9,0.91,0.91,0.91,0.91,0.91,0.91,0.91
1950,Married Filing Jointly,,,,,,,,,,,,,,,,,,,,,,
1950,Married Filing Seperately,0.2,0.22,0.22,0.26,0.3,0.34,0.43,0.53,0.59,0.62,0.72,0.81,0.87,0.89,0.9,0.91,0.91,0.91,0.91,0.91,0.91,0.91
1950,Single,0.2,0.22,0.22,0.26,0.3,0.34,0.43,0.53,0.59,0.62,0.72,0.81,0.87,0.89,0.9,0.91,0.91,0.91,0.91,0.91,0.91,0.91
1951,Head of Household,0.204,0.22399999999999998,0.22399999999999998,0.27,0.3,0.35000000000000003,0.48,0.54,0.6,0.63,0.73,0.8200000000000001,0.87,0.89,0.9,0.91,0.91,0.91,0.91,0.91,0.91,0.91
1951,Married Filing Jointly,,,,,,,,,,,,,,,,,,,,,,
1951,Married Filing Seperately,0.204,0.22399999999999998,0.22399999999999998,0.27,0.3,0.35000000000000003,0.48,0.54,0.6,0.63,0.73,0.8200000000000001,0.87,0.89,0.9,0.91,0.91,0.91,0.91,0.91,0.91,0.91
1951,Single,0.204,0.22399999999999998,0.22399999999999998,0.27,0.3,0.35000000000000003,0.48,0.54,0.6,0.63,0.73,0.8200000000000001,0.87,0.89,0.9,0.91,0.91,0.91,0.91,0.91,0.91,0.91
1952,Head of Household,0.23399999999999999,0.23399999999999999,0.27,0.27,0.29,0.35000000000000003,0.44,0.52,0.5700000000000001,0.6,0.72,0.79,0.85,0.88,0.91,0.92,0.92,0.92,0.92,0.92,0.92,0.92
1952,Married Filing Jointly,,,,,,,,,,,,,,,,,,,,,,
1952,Married Filing Seperately,0.24600000000000002,0.24600000000000002,0.29,0.29,0.34,0.42,0.53,0.62,0.66,0.67,0.77,0.85,0.9,0.91,0.92,0.92,0.92,0.92,0.92,0.92,0.92,0.92
1952,Single,0.24600000000000002,0.24600000000000002,0.29,0.29,0.34,0.42,0.53,0.62,0.66,0.67,0.77,0.85,0.9,0.91,0.92,0.92,0.92,0.92,0.92,0.92,0.92,0.92
1953,Head of Household,0.23399999999999999,0.23399999999999999,0.27,0.27,0.29,0.35000000000000003,0.44,0.52,0.5700000000000001,0.6,0.72,0.79,0.85,0.88,0.91,0.92,0.92,0.92,0.92,0.92,0.92,0.92
1953,Married Filing Jointly,,,,,,,,,,,,,,,,,,,,,,
1953,Married Filing Seperately,0.24600000000000002,0.24600000000000002,0.29,0.29,0.34,0.42,0.53,0.62,0.66,0.67,0.77,0.85,0.9,0.91,0.92,0.92,0.92,0.92,0.92,0.92,0.92,0.92
1953,Single,0.24600000000000002,0.24600000000000002,0.29,0.29,0.34,0.42,0.53,0.62,0.66,0.67,0.77,0.85,0.9,0.91,0.92,0.92,0.92,0.92,0.92,0.92,0.92,0.92
1954,Head of Household,0.21,0.21,0.24,0.24,0.26,0.32,0.39,0.47,0.52,0.54,0.68,0.76,0.8300000000000001,0.87,0.9,0.91,0.91,0.91,0.91,0.91,0.91,0.91
1954,Married Filing Jointly,,,,,,,,,,,,,,,,,,,,,,
1954,Married Filing Seperately,0.22,0.22,0.26,0.26,0.3,0.38,0.47,0.56,0.62,0.62,0.75,0.84,0.89,0.9,0.91,0.91,0.91,0.91,0.91,0.91,0.91,0.91
1954,Single,0.22,0.22,0.26,0.26,0.3,0.38,0.47,0.56,0.62,0.62,0.75,0.84,0.89,0.9,0.91,0.91,0.91,0.91,0.91,0.91,0.91,0.91
1955,Head of Household,0.21,0.21,0.24,0.24,0.26,0.32,0.39,0.47,0.52,0.54,0.68,0.76,0.8300000000000001,0.87,0.9,0.91,0.91,0.91,0.91,0.91,0.91,0.91
1955,Married Filing Jointly,0.2,0.2,0.22,0.22,0.22,0.26,0.3,0.38,0.43,0.47,0.59,0.6900000000000001,0.75,0.81,0.89,0.91,0.91,0.91,0.91,0.91,0.91,0.91
1955,Married Filing Seperately,0.22,0.22,0.26,0.26,0.3,0.38,0.47,0.56,0.59,0.62,0.75,0.84,0.89,0.9,0.91,0.91,0.91,0.91,0.91,0.91,0.91,0.91
1955,Single,0.22,0.22,0.26,0.26,0.3,0.38,0.47,0.56,0.59,0.62,0.75,0.84,0.89,0.9,0.91,0.91,0.91,0.91,0.91,0.91,0.91,0.91
1956,Head of Household,0.21,0.21,0.24,0.24,0.26,0.32,0.39,0.47,0.52,0.54,0.68,0.76,0.8300000000000001,0.87,0.9,0.91,0.91,0.91,0.91,0.91,0.91,0.91
1956,Married Filing Jointly,0.2,0.2,0.22,0.22,0.22,0.26,0.3,0.38,0.43,0.47,0.59,0.6900000000000001,0.75,0.81,0.89,0.91,0.91,0.91,0.91,0.91,0.91,0.91
1956,Married Filing Seperately,0.22,0.22,0.26,0.26,0.3,0.38,0.47,0.56,0.59,0.62,0.75,0.84,0.89,0.9,0.91,0.91,0.91,0.91,0.91,0.91,0.91,0.91
1956,Single,0.22,0.22,0.26,0.26,0.3,0.38,0.47,0.56,0.59,0.62,0.75,0.84,0.89,0.9,0.91,0.91,0.91,0.91,0.91,0.91,0.91,0.91
1957,Head of Household,0.21,0.21,0.24,0.24,0.26,0.32,0.42,0.47,0.52,0.58,0.68,0.76,0.8300000000000001,0.87,0.9,0.91,0.91,0.91,0.91,0.91,0.91,0.91
1957,Married Filing Jointly,0.2,0.2,0.22,0.22,0.22,0.26,0.34,0.38,0.43,0.5,0.62,0.6900000000000001,0.75,0.84,0.89,0.91,0.91,0.91,0.91,0.91,0.91,0.91
1957,Married Filing Seperately,0.22,0.22,0.26,0.26,0.3,0.38,0.5,0.56,0.62,0.65,0.75,0.84,0.89,0.9,0.91,0.91,0.91,0.91,0.91,0.91,0.91,0.91
1957,Single,0.22,0.22,0.26,0.26,0.3,0.38,0.5,0.56,0.62,0.65,0.75,0.84,0.89,0.9,0.91,0.91,0.91,0.91,0.91,0.91,0.91,0.91
1958,Head of Household,0.21,0.21,0.24,0.24,0.26,0.32,0.42,0.49,0.52,0.58,0.68,0.76,0.8300000000000001,0.87,0.9,0.91,0.91,0.91,0.91,0.91,0.91,0.91
1958,Married Filing Jointly,0.2,0.2,0.22,0.22,0.22,0.26,0.34,0.38,0.43,0.5,0.62,0.72,0.75,0.84,0.89,0.91,0.91,0.91,0.91,0.91,0.91,0.91
1958,Married Filing Seperately,0.22,0.22,0.26,0.26,0.3,0.38,0.5,0.59,0.62,0.65,0.75,0.84,0.89,0.9,0.91,0.91,0.91,0.91,0.91,0.91,0.91,0.91
1958,Single,0.22,0.22,0.26,0.26,0.3,0.38,0.5,0.59,0.62,0.65,0.75,0.84,0.89,0.9,0.91,0.91,0.91,0.91,0.91,0.91,0.91,0.91
1959,Head of Household,0.21,0.21,0.24,0.24,0.26,0.32,0.42,0.49,0.54,0.58,0.68,0.76,0.8300000000000001,0.87,0.9,0.91,0.91,0.91,0.91,0.91,0.91,0.91
1959,Married Filing Jointly,0.2,0.2,0.22,0.22,0.22,0.26,0.34,0.38,0.47,0.5,0.62,0.72,0.75,0.84,0.89,0.91,0.91,0.91,0.91,0.91,0.91,0.91
1959,Married Filing Seperately,0.22,0.22,0.26,0.26,0.3,0.38,0.5,0.59,0.62,0.65,0.75,0.84,0.89,0.9,0.91,0.91,0.91,0.91,0.91,0.91,0.91,0.91
1959,Single,0.22,0.22,0.26,0.26,0.3,0.38,0.5,0.59,0.62,0.65,0.75,0.84,0.89,0.9,0.91,0.91,0.91,0.91,0.91,0.91,0.91,0.91
1960,Head of Household,0.21,0.21,0.24,0.24,0.26,0.32,0.42,0.49,0.54,0.58,0.68,0.8,0.8300000000000001,0.87,0.9,0.91,0.91,0.91,0.91,0.91,0.91,0.91
1960,Married Filing Jointly,0.2,0.2,0.22,0.22,0.22,0.26,0.34,0.38,0.47,0.5,0.62,0.72,0.75,0.84,0.89,0.91,0.91,0.91,0.91,0.91,0.91,0.91
1960,Married Filing Seperately,0.22,0.22,0.26,0.26,0.3,0.38,0.5,0.59,0.62,0.65,0.75,0.87,0.89,0.9,0.91,0.91,0.91,0.91,0.91,0.91,0.91,0.91
1960,Single,0.22,0.22,0.26,0.26,0.3,0.38,0.5,0.59,0.62,0.65,0.75,0.87,0.89,0.9,0.91,0.91,0.91,0.91,0.91,0.91,0.91,0.91
1961,Head of Household,0.21,0.21,0.24,0.24,0.3,0.32,0.42,0.49,0.54,0.58,0.68,0.8,0.8300000000000001,0.87,0.9,0.91,0.91,0.91,0.91,0.91,0.91,0.91
1961,Married Filing Jointly,0.2,0.2,0.22,0.22,0.26,0.26,0.34,0.38,0.47,0.5,0.62,0.72,0.75,0.84,0.89,0.91,0.91,0.91,0.91,0.91,0.91,0.91
1961,Married Filing Seperately,0.22,0.22,0.26,0.26,0.34,0.38,0.5,0.59,0.62,0.65,0.75,0.87,0.89,0.9,0.91,0.91,0.91,0.91,0.91,0.91,0.91,0.91
1961,Single,0.22,0.22,0.26,0.26,0.34,0.38,0.5,0.59,0.62,0.65,0.75,0.87,0.89,0.9,0.91,0.91,0.91,0.91,0.91,0.91,0.91,0.91
1962,Head of Household,0.21,0.21,0.24,0.24,0.3,0.32,0.42,0.49,0.54,0.58,0.68,0.8,0.8300000000000001,0.87,0.9,0.91,0.91,0.91,0.91,0.91,0.91,0.91
1962,Married Filing Jointly,0.2,0.2,0.22,0.22,0.26,0.26,0.34,0.38,0.47,0.5,0.62,0.72,0.75,0.84,0.89,0.91,0.91,0.91,0.91,0.91,0.91,0.91
1962,Married Filing Seperately,0.22,0.22,0.26,0.26,0.34,0.38,0.5,0.59,0.62,0.65,0.75,0.87,0.89,0.9,0.91,0.91,0.91,0.91,0.91,0.91,0.91,0.91
1962,Single,0.22,0.22,0.26,0.26,0.34,0.38,0.5,0.59,0.62,0.65,0.75,0.87,0.89,0.9,0.91,0.91,0.91,0.91,0.91,0.91,0.91,0.91
1963,Head of Household,0.21,0.21,0.24,0.24,0.3,0.32,0.42,0.49,0.54,0.58,0.68,0.8,0.8300000000000001,0.87,0.9,0.91,0.91,0.91,0.91,0.91,0.91,0.91
1963,Married Filing Jointly,0.2,0.2,0.22,0.22,0.26,0.26,0.34,0.38,0.47,0.5,0.62,0.72,0.75,0.84,0.89,0.91,0.91,0.91,0.91,0.91,0.91,0.91
1963,Married Filing Seperately,0.22,0.22,0.26,0.26,0.34,0.38,0.5,0.59,0.62,0.65,0.75,0.87,0.89,0.9,0.91,0.91,0.91,0.91,0.91,0.91,0.91,0.91
1963,Single,0.22,0.22,0.26,0.26,0.34,0.38,0.5,0.59,0.62,0.65,0.75,0.87,0.89,0.9,0.91,0.91,0.91,0.91,0.91,0.91,0.91,0.91
1964,Head of Household,0.19,0.19,0.22,0.22,0.27,0.29,0.375,0.435,0.485,0.515,0.61,0.6950000000000001,0.71,0.75,0.77,0.77,0.77,0.77,0.77,0.77,0.77,0.77
1964,Married Filing Jointly,0.17500000000000002,0.18,0.2,0.2,0.235,0.235,0.305,0.34,0.41,0.445,0.56,0.635,0.66,0.735,0.765,0.77,0.77,0.77,0.77,0.77,0.77,0.77
1964,Married Filing Seperately,0.2,0.2,0.235,0.235,0.305,0.34,0.445,0.535,0.56,0.585,0.66,0.75,0.765,0.765,0.77,0.77,0.77,0.77,0.77,0.77,0.77,0.77
1964,Single,0.2,0.2,0.235,0.235,0.305,0.34,0.445,0.535,0.56,0.585,0.66,0.75,0.765,0.765,0.77,0.77,0.77,0.77,0.77,0.77,0.77,0.77
1965,Head of Household,0.18,0.18,0.2,0.22,0.25,0.31,0.36,0.43,0.46,0.5,0.58,0.64,0.67,0.7000000000000001,0.7000000000000001,0.7000000000000001,0.7000000000000001,0.7000000000000001,0.7000000000000001,0.7000000000000001,0.7000000000000001,0.7000000000000001
1965,Married Filing Jointly,0.16,0.17,0.19,0.19,0.22,0.25,0.28,0.36,0.39,0.45,0.53,0.6,0.64,0.6900000000000001,0.7000000000000001,0.7000000000000001,0.7000000000000001,0.7000000000000001,0.7000000000000001,0.7000000000000001,0.7000000000000001,0.7000000000000001
1965,Married Filing Seperately,0.19,0.19,0.22,0.25,0.28,0.36,0.45,0.5,0.53,0.55,0.64,0.6900000000000001,0.7000000000000001,0.7000000000000001,0.7000000000000001,0.7000000000000001,0.7000000000000001,0.7000000000000001,0.7000000000000001,0.7000000000000001,0.7000000000000001,0.7000000000000001
1965,Single,0.19,0.19,0.22,0.25,0.28,0.36,0.45,0.5,0.53,0.55,0.64,0.6900000000000001,0.7000000000000001,0.7000000000000001,0.7000000000000001,0.7000000000000001,0.7000000000000001,0.7000000000000001,0.7000000000000001,0.7000000000000001,0.7000000000000001,0.7000000000000001
1966,Head of Household,0.18,0.18,0.2,0.22,0.25,0.31,0.36,0.43,0.46,0.5,0.58,0.64,0.67,0.7000000000000001,0.7000000000000001,0.7000000000000001,0.7000000000000001,0.7000000000000001,0.7000000000000001,0.7000000000000001,0.7000000000000001,0.7000000000000001
1966,Married Filing Jointly,0.16,0.17,0.19,0.19,0.22,0.25,0.28,0.36,0.39,0.45,0.53,0.6,0.64,0.6900000000000001,0.7000000000000001,0.7000000000000001,0.7000000000000001,0.7000000000000001,0.7000000000000001,0.7000000000000001,0.7000000000000001,0.7000000000000001
1966,Married Filing Seperately,0.19,0.19,0.22,0.25,0.28,0.36,0.45,0.5,0.53,0.55,0.64,0.6900000000000001,0.7000000000000001,0.7000000000000001,0.7000000000000001,0.7000000000000001,0.7000000000000001,0.7000000000000001,0.7000000000000001,0.7000000000000001,0.7000000000000001,0.7000000000000001
1966,Single,0.19,0.19,0.22,0.25,0.28,0.36,0.45,0.5,0.53,0.55,0.64,0.6900000000000001,0.7000000000000001,0.7000000000000001,0.7000000000000001,0.7000000000000001,0.7000000000000001,0.7000000000000001,0.7000000000000001,0.7000000000000001,0.7000000000000001,0.7000000000000001
1967,Head of Household,0.18,0.18,0.2,0.22,0.25,0.31,0.36,0.43,0.46,0.52,0.58,0.66,0.67,0.7000000000000001,0.7000000000000001,0.7000000000000001,0.7000000000000001,0.7000000000000001,0.7000000000000001,0.7000000000000001,0.7000000000000001,0.7000000000000001
1967,Married Filing Jointly,0.19,0.19,0.22,0.25,0.28,0.36,0.45,0.5,0.53,0.58,0.64,0.7000000000000001,0.7000000000000001,0.7000000000000001,0.7000000000000001,0.7000000000000001,0.7000000000000001,0.7000000000000001,0.7000000000000001,0.7000000000000001,0.7000000000000001,0.7000000000000001
1967,Married Filing Seperately,0.19,0.19,0.22,0.25,0.28,0.36,0.45,0.5,0.53,0.58,0.64,0.7000000000000001,0.7000000000000001,0.7000000000000001,0.7000000000000001,0.7000000000000001,0.7000000000000001,0.7000000000000001,0.7000000000000001,0.7000000000000001,0.7000000000000001,0.7000000000000001
1967,Single,0.19,0.19,0.22,0.25,0.28,0.36,0.45,0.5,0.53,0.58,0.64,0.7000000000000001,0.7000000000000001,0.7000000000000001,0.7000000000000001,0.7000000000000001,0.7000000000000001,0.7000000000000001,0.7000000000000001,0.7000000000000001,0.7000000000000001,0.7000000000000001
1968,Head of Household,0.18,0.18,0.2,0.22,0.25,0.31,0.36,0.45,0.48,0.52,0.59,0.66,0.67,0.7000000000000001,0.7000000000000001,0.7000000000000001,0.7000000000000001,0.7000000000000001,0.7000000000000001,0.7000000000000001,0.7000000000000001,0.7000000000000001
1968,Married Filing Jointly,0.16,0.17,0.19,0.19,0.22,0.25,0.28,0.36,0.42,0.45,0.55,0.62,0.64,0.6900000000000001,0.7000000000000001,0.7000000000000001,0.7000000000000001,0.7000000000000001,0.7000000000000001,0.7000000000000001,0.7000000000000001,0.7000000000000001
1968,Married Filing Seperately,0.19,0.19,0.22,0.25,0.28,0.36,0.45,0.53,0.55,0.58,0.64,0.7000000000000001,0.7000000000000001,0.7000000000000001,0.7000000000000001,0.7000000000000001,0.7000000000000001,0.7000000000000001,0.7000000000000001,0.7000000000000001,0.7000000000000001,0.7000000000000001
1968,Single,0.19,0.19,0.22,0.25,0.28,0.36,0.45,0.53,0.55,0.58,0.64,0.7000000000000001,0.7000000000000001,0.7000000000000001,0.7000000000000001,0.7000000000000001,0.7000000000000001,0.7000000000000001,0.7000000000000001,0.7000000000000001,0.7000000000000001,0.7000000000000001
1969,Head of Household,0.18,0.2,0.2,0.22,0.25,0.31,0.4,0.45,0.48,0.53,0.59,0.66,0.67,0.7000000000000001,0.7000000000000001,0.7000000000000001,0.7000000000000001,0.7000000000000001,0.7000000000000001,0.7000000000000001,0.7000000000000001,0.7000000000000001
1969,Married Filing Jointly,0.16,0.19,0.19,0.19,0.22,0.25,0.32,0.36,0.42,0.48,0.55,0.62,0.64,0.7000000000000001,0.7000000000000001,0.7000000000000001,0.7000000000000001,0.7000000000000001,0.7000000000000001,0.7000000000000001,0.7000000000000001,0.7000000000000001
1969,Married Filing Seperately,0.19,0.22,0.22,0.25,0.28,0.36,0.48,0.53,0.55,0.58,0.64,0.7000000000000001,0.7000000000000001,0.7000000000000001,0.7000000000000001,0.7000000000000001,0.7000000000000001,0.7000000000000001,0.7000000000000001,0.7000000000000001,0.7000000000000001,0.7000000000000001
1969,Single,0.19,0.22,0.22,0.25,0.28,0.36,0.48,0.53,0.55,0.58,0.64,0.7000000000000001,0.7000000000000001,0.7000000000000001,0.7000000000000001,0.7000000000000001,0.7000000000000001,0.7000000000000001,0.7000000000000001,0.7000000000000001,0.7000000000000001,0.7000000000000001
1970,Head of Household,0.18,0.2,0.2,0.22,0.27,0.32,0.4,0.46,0.5,0.53,0.61,0.66,0.68,0.7000000000000001,0.7000000000000001,0.7000000000000001,0.7000000000000001,0.7000000000000001,0.7000000000000001,0.7000000000000001,0.7000000000000001,0.7000000000000001
1970,Married Filing Jointly,0.16,0.19,0.19,0.19,0.22,0.25,0.32,0.39,0.45,0.48,0.55,0.62,0.66,0.7000000000000001,0.7000000000000001,0.7000000000000001,0.7000000000000001,0.7000000000000001,0.7000000000000001,0.7000000000000001,0.7000000000000001,0.7000000000000001
1970,Married Filing Seperately,0.19,0.22,0.22,0.25,0.32,0.39,0.48,0.53,0.55,0.58,0.66,0.7000000000000001,0.7000000000000001,0.7000000000000001,0.7000000000000001,0.7000000000000001,0.7000000000000001,0.7000000000000001,0.7000000000000001,0.7000000000000001,0.7000000000000001,0.7000000000000001
1970,Single,0.19,0.22,0.22,0.25,0.32,0.39,0.48,0.53,0.55,0.58,0.66,0.7000000000000001,0.7000000000000001,0.7000000000000001,0.7000000000000001,0.7000000000000001,0.7000000000000001,0.7000000000000001,0.7000000000000001,0.7000000000000001,0.7000000000000001,0.7000000000000001
1971,Head of Household,0.18,0.19,0.22,0.22,0.25,0.28,0.36,0.42,0.51,0.55,0.62,0.67,0.68,0.7000000000000001,0.7000000000000001,0.7000000000000001,0.7000000000000001,0.7000000000000001,0.7000000000000001,0.7000000000000001,0.7000000000000001,0.7000000000000001
1971,Married Filing Jointly,0.17,0.19,0.19,0.19,0.22,0.25,0.32,0.39,0.45,0.5,0.58,0.64,0.66,0.7000000000000001,0.7000000000000001,0.7000000000000001,0.7000000000000001,0.7000000000000001,0.7000000000000001,0.7000000000000001,0.7000000000000001,0.7000000000000001
1971,Married Filing Seperately,0.19,0.22,0.25,0.25,0.32,0.39,0.5,0.53,0.58,0.6,0.66,0.7000000000000001,0.7000000000000001,0.7000000000000001,0.7000000000000001,0.7000000000000001,0.7000000000000001,0.7000000000000001,0.7000000000000001,0.7000000000000001,0.7000000000000001,0.7000000000000001
1971,Single,0.19,0.21,0.24,0.24,0.27,0.31,0.4,0.45,0.55,0.6,0.66,0.7000000000000001,0.7000000000000001,0.7000000000000001,0.7000000000000001,0.7000000000000001,0.7000000000000001,0.7000000000000001,0.7000000000000001,0.7000000000000001,0.7000000000000001,0.7000000000000001
1972,Head of Household,0.18,0.19,0.22,0.22,0.25,0.28,0.36,0.42,0.51,0.55,0.62,0.67,0.68,0.7000000000000001,0.7000000000000001,0.7000000000000001,0.7000000000000001,0.7000000000000001,0.7000000000000001,0.7000000000000001,0.7000000000000001,0.7000000000000001
1972,Married Filing Jointly,0.17,0.19,0.19,0.19,0.22,0.25,0.32,0.39,0.45,0.5,0.58,0.64,0.66,0.7000000000000001,0.7000000000000001,0.7000000000000001,0.7000000000000001,0.7000000000000001,0.7000000000000001,0.7000000000000001,0.7000000000000001,0.7000000000000001
1972,Married Filing Seperately,0.19,0.22,0.25,0.25,0.32,0.39,0.5,0.53,0.58,0.6,0.66,0.7000000000000001,0.7000000000000001,0.7000000000000001,0.7000000000000001,0.7000000000000001,0.7000000000000001,0.7000000000000001,0.7000000000000001,0.7000000000000001,0.7000000000000001,0.7000000000000001
1972,Single,0.19,0.21,0.24,0.24,0.27,0.31,0.4,0.45,0.55,0.6,0.66,0.7000000000000001,0.7000000000000001,0.7000000000000001,0.7000000000000001,0.7000000000000001,0.7000000000000001,0.7000000000000001,0.7000000000000001,0.7000000000000001,0.7000000000000001,0.7000000000000001
1973,Head of Household,0.18,0.19,0.22,0.23,0.25,0.31,0.38,0.45,0.52,0.55,0.63,0.67,0.6900000000000001,0.7000000000000001,0.7000000000000001,0.7000000000000001,0.7000000000000001,0.7000000000000001,0.7000000000000001,0.7000000000000001,0.7000000000000001,0.7000000000000001
1973,Married Filing Jointly,0.17,0.19,0.19,0.22,0.22,0.28,0.36,0.42,0.48,0.5,0.58,0.64,0.68,0.7000000000000001,0.7000000000000001,0.7000000000000001,0.7000000000000001,0.7000000000000001,0.7000000000000001,0.7000000000000001,0.7000000000000001,0.7000000000000001
1973,Married Filing Seperately,0.19,0.22,0.25,0.28,0.32,0.42,0.5,0.55,0.58,0.6,0.68,0.7000000000000001,0.7000000000000001,0.7000000000000001,0.7000000000000001,0.7000000000000001,0.7000000000000001,0.7000000000000001,0.7000000000000001,0.7000000000000001,0.7000000000000001,0.7000000000000001
1973,Single,0.19,0.21,0.24,0.25,0.27,0.34,0.4,0.5,0.55,0.6,0.68,0.7000000000000001,0.7000000000000001,0.7000000000000001,0.7000000000000001,0.7000000000000001,0.7000000000000001,0.7000000000000001,0.7000000000000001,0.7000000000000001,0.7000000000000001,0.7000000000000001
1974,Head of Household,0.18,0.19,0.22,0.23,0.27,0.32,0.41,0.48,0.55,0.58,0.64,0.68,0.7000000000000001,0.7000000000000001,0.7000000000000001,0.7000000000000001,0.7000000000000001,0.7000000000000001,0.7000000000000001,0.7000000000000001,0.7000000000000001,0.7000000000000001
1974,Married Filing Jointly,0.17,0.19,0.19,0.22,0.25,0.28,0.36,0.45,0.5,0.53,0.6,0.66,0.6900000000000001,0.7000000000000001,0.7000000000000001,0.7000000000000001,0.7000000000000001,0.7000000000000001,0.7000000000000001,0.7000000000000001,0.7000000000000001,0.7000000000000001
1974,Married Filing Seperately,0.19,0.22,0.25,0.28,0.36,0.45,0.53,0.55,0.6,0.62,0.6900000000000001,0.7000000000000001,0.7000000000000001,0.7000000000000001,0.7000000000000001,0.7000000000000001,0.7000000000000001,0.7000000000000001,0.7000000000000001,0.7000000000000001,0.7000000000000001,0.7000000000000001
1974,Single,0.19,0.21,0.24,0.25,0.29,0.36,0.45,0.5,0.6,0.62,0.6900000000000001,0.7000000000000001,0.7000000000000001,0.7000000000000001,0.7000000000000001,0.7000000000000001,0.7000000000000001,0.7000000000000001,0.7000000000000001,0.7000000000000001,0.7000000000000001,0.7000000000000001
1975,Head of Household,0.19,0.22,0.23,0.25,0.28,0.35000000000000003,0.42,0.52,0.56,0.58,0.66,0.6900000000000001,0.7000000000000001,0.7000000000000001,0.7000000000000001,0.7000000000000001,0.7000000000000001,0.7000000000000001,0.7000000000000001,0.7000000000000001,0.7000000000000001,0.7000000000000001
1975,Married Filing Jointly,0.19,0.19,0.22,0.22,0.25,0.32,0.39,0.48,0.5,0.53,0.62,0.68,0.7000000000000001,0.7000000000000001,0.7000000000000001,0.7000000000000001,0.7000000000000001,0.7000000000000001,0.7000000000000001,0.7000000000000001,0.7000000000000001,0.7000000000000001
1975,Married Filing Seperately,0.22,0.25,0.28,0.32,0.39,0.48,0.53,0.58,0.62,0.64,0.7000000000000001,0.7000000000000001,0.7000000000000001,0.7000000000000001,0.7000000000000001,0.7000000000000001,0.7000000000000001,0.7000000000000001,0.7000000000000001,0.7000000000000001,0.7000000000000001,0.7000000000000001
1975,Single,0.21,0.24,0.25,0.27,0.31,0.38,0.45,0.55,0.62,0.64,0.7000000000000001,0.7000000000000001,0.7000000000000001,0.7000000000000001,0.7000000000000001,0.7000000000000001,0.7000000000000001,0.7000000000000001,0.7000000000000001,0.7000000000000001,0.7000000000000001,0.7000000000000001
1976,Head of Household,0.19,0.22,0.23,0.25,0.28,0.35000000000000003,0.45,0.52,0.58,0.59,0.66,0.6900000000000001,0.7000000000000001,0.7000000000000001,0.7000000000000001,0.7000000000000001,0.7000000000000001,0.7000000000000001,0.7000000000000001,0.7000000000000001,0.7000000000000001,0.7000000000000001
1976,Married Filing Jointly,0.19,0.19,0.22,0.22,0.25,0.32,0.42,0.48,0.53,0.55,0.62,0.68,0.7000000000000001,0.7000000000000001,0.7000000000000001,0.7000000000000001,0.7000000000000001,0.7000000000000001,0.7000000000000001,0.7000000000000001,0.7000000000000001,0.7000000000000001
1976,Married Filing Seperately,0.22,0.25,0.28,0.32,0.39,0.48,0.55,0.58,0.62,0.64,0.7000000000000001,0.7000000000000001,0.7000000000000001,0.7000000000000001,0.7000000000000001,0.7000000000000001,0.7000000000000001,0.7000000000000001,0.7000000000000001,0.7000000000000001,0.7000000000000001,0.7000000000000001
1976,Single,0.21,0.24,0.25,0.27,0.31,0.38,0.5,0.55,0.62,0.64,0.7000000000000001,0.7000000000000001,0.7000000000000001,0.7000000000000001,0.7000000000000001,0.7000000000000001,0.7000000000000001,0.7000000000000001,0.7000000000000001,0.7000000000000001,0.7000000000000001,0.7000000000000001
1977,Head of Household,0.18,0.19,0.22,0.23,0.27,0.35000000000000003,0.42,0.52,0.58,0.59,0.66,0.6900000000000001,0.7000000000000001,0.7000000000000001,0.7000000000000001,0.7000000000000001,0.7000000000000001,0.7000000000000001,0.7000000000000001,0.7000000000000001,0.7000000000000001,0.7000000000000001
1977,Married Filing Jointly,0.15,0.17,0.19,0.22,0.25,0.28,0.39,0.48,0.53,0.55,0.62,0.68,0.7000000000000001,0.7000000000000001,0.7000000000000001,0.7000000000000001,0.7000000000000001,0.7000000000000001,0.7000000000000001,0.7000000000000001,0.7000000000000001,0.7000000000000001
1977,Married Filing Seperately,0.19,0.22,0.25,0.28,0.39,0.48,0.55,0.58,0.62,0.64,0.7000000000000001,0.7000000000000001,0.7000000000000001,0.7000000000000001,0.7000000000000001,0.7000000000000001,0.7000000000000001,0.7000000000000001,0.7000000000000001,0.7000000000000001,0.7000000000000001,0.7000000000000001
1977,Single,0.19,0.21,0.24,0.25,0.29,0.38,0.45,0.55,0.62,0.64,0.7000000000000001,0.7000000000000001,0.7000000000000001,0.7000000000000001,0.7000000000000001,0.7000000000000001,0.7000000000000001,0.7000000000000001,0.7000000000000001,0.7000000000000001,0.7000000000000001,0.7000000000000001
1978,Head of Household,0.18,0.19,0.22,0.23,0.28,0.36,0.45,0.55,0.58,0.61,0.66,0.7000000000000001,0.7000000000000001,0.7000000000000001,0.7000000000000001,0.7000000000000001,0.7000000000000001,0.7000000000000001,0.7000000000000001,0.7000000000000001,0.7000000000000001,0.7000000000000001
1978,Married Filing Jointly,0.15,0.19,0.19,0.22,0.25,0.32,0.42,0.5,0.53,0.55,0.62,0.6900000000000001,0.7000000000000001,0.7000000000000001,0.7000000000000001,0.7000000000000001,0.7000000000000001,0.7000000000000001,0.7000000000000001,0.7000000000000001,0.7000000000000001,0.7000000000000001
1978,Married Filing Seperately,0.19,0.22,0.28,0.32,0.39,0.5,0.55,0.6,0.62,0.66,0.7000000000000001,0.7000000000000001,0.7000000000000001,0.7000000000000001,0.7000000000000001,0.7000000000000001,0.7000000000000001,0.7000000000000001,0.7000000000000001,0.7000000000000001,0.7000000000000001,0.7000000000000001
1978,Single,0.19,0.21,0.24,0.25,0.31,0.4,0.5,0.6,0.62,0.66,0.7000000000000001,0.7000000000000001,0.7000000000000001,0.7000000000000001,0.7000000000000001,0.7000000000000001,0.7000000000000001,0.7000000000000001,0.7000000000000001,0.7000000000000001,0.7000000000000001,0.7000000000000001
1979,Head of Household,0.16,0.18,0.22,0.24,0.31,0.36,0.46,0.54,0.59,0.59,0.68,0.7000000000000001,0.7000000000000001,0.7000000000000001,0.7000000000000001,0.7000000000000001,0.7000000000000001,0.7000000000000001,0.7000000000000001,0.7000000000000001,0.7000000000000001,0.7000000000000001
1979,Married Filing Jointly,0.14,0.18,0.18,0.21,0.24,0.32,0.43,0.49,0.54,0.54,0.64,0.68,0.7000000000000001,0.7000000000000001,0.7000000000000001,0.7000000000000001,0.7000000000000001,0.7000000000000001,0.7000000000000001,0.7000000000000001,0.7000000000000001,0.7000000000000001
1979,Married Filing Seperately,0.18,0.21,0.28,0.32,0.43,0.49,0.54,0.59,0.64,0.64,0.7000000000000001,0.7000000000000001,0.7000000000000001,0.7000000000000001,0.7000000000000001,0.7000000000000001,0.7000000000000001,0.7000000000000001,0.7000000000000001,0.7000000000000001,0.7000000000000001,0.7000000000000001
1979,Single,0.18,0.19,0.21,0.26,0.34,0.39,0.49,0.55,0.63,0.63,0.7000000000000001,0.7000000000000001,0.7000000000000001,0.7000000000000001,0.7000000000000001,0.7000000000000001,0.7000000000000001,0.7000000000000001,0.7000000000000001,0.7000000000000001,0.7000000000000001,0.7000000000000001
1980,Head of Household,0.16,0.22,0.24,0.26,0.31,0.42,0.54,0.54,0.59,0.63,0.68,0.7000000000000001,0.7000000000000001,0.7000000000000001,0.7000000000000001,0.7000000000000001,0.7000000000000001,0.7000000000000001,0.7000000000000001,0.7000000000000001,0.7000000000000001,0.7000000000000001
1980,Married Filing Jointly,0.16,0.18,0.21,0.21,0.28,0.37,0.43,0.54,0.54,0.59,0.64,0.7000000000000001,0.7000000000000001,0.7000000000000001,0.7000000000000001,0.7000000000000001,0.7000000000000001,0.7000000000000001,0.7000000000000001,0.7000000000000001,0.7000000000000001,0.7000000000000001
1980,Married Filing Seperately,0.21,0.24,0.28,0.37,0.43,0.54,0.59,0.64,0.64,0.68,0.7000000000000001,0.7000000000000001,0.7000000000000001,0.7000000000000001,0.7000000000000001,0.7000000000000001,0.7000000000000001,0.7000000000000001,0.7000000000000001,0.7000000000000001,0.7000000000000001,0.7000000000000001
1980,Single,0.18,0.21,0.24,0.3,0.34,0.44,0.55,0.63,0.63,0.68,0.7000000000000001,0.7000000000000001,0.7000000000000001,0.7000000000000001,0.7000000000000001,0.7000000000000001,0.7000000000000001,0.7000000000000001,0.7000000000000001,0.7000000000000001,0.7000000000000001,0.7000000000000001
1981,Head of Household,0.18,0.22,0.24,0.26,0.36,0.42,0.54,0.59,0.63,0.63,0.7000000000000001,0.7000000000000001,0.7000000000000001,0.7000000000000001,0.7000000000000001,0.7000000000000001,0.7000000000000001,0.7000000000000001,0.7000000000000001,0.7000000000000001,0.7000000000000001,0.7000000000000001
1981,Married Filing Jointly,0.16,0.18,0.21,0.24,0.28,0.37,0.49,0.54,0.54,0.59,0.68,0.7000000000000001,0.7000000000000001,0.7000000000000001,0.7000000000000001,0.7000000000000001,0.7000000000000001,0.7000000000000001,0.7000000000000001,0.7000000000000001,0.7000000000000001,0.7000000000000001
1981,Married Filing Seperately,0.21,0.28,0.32,0.37,0.49,0.54,0.59,0.64,0.68,0.68,0.7000000000000001,0.7000000000000001,0.7000000000000001,0.7000000000000001,0.7000000000000001,0.7000000000000001,0.7000000000000001,0.7000000000000001,0.7000000000000001,0.7000000000000001,0.7000000000000001,0.7000000000000001
1981,Single,0.19,0.21,0.26,0.3,0.39,0.44,0.55,0.63,0.68,0.68,0.7000000000000001,0.7000000000000001,0.7000000000000001,0.7000000000000001,0.7000000000000001,0.7000000000000001,0.7000000000000001,0.7000000000000001,0.7000000000000001,0.7000000000000001,0.7000000000000001,0.7000000000000001
1982,Head of Household,0.16,0.2,0.22,0.28,0.32,0.41,0.49,0.5,0.5,0.5,0.5,0.5,0.5,0.5,0.5,0.5,0.5,0.5,0.5,0.5,0.5,0.5
1982,Married Filing Jointly,0.14,0.16,0.19,0.22,0.29,0.39,0.44,0.49,0.5,0.5,0.5,0.5,0.5,0.5,0.5,0.5,0.5,0.5,0.5,0.5,0.5,0.5
1982,Married Filing Seperately,0.19,0.25,0.29,0.39,0.44,0.49,0.5,0.5,0.5,0.5,0.5,0.5,0.5,0.5,0.5,0.5,0.5,0.5,0.5,0.5,0.5,0.5
1982,Single,0.17,0.22,0.23,0.31,0.35000000000000003,0.44,0.5,0.5,0.5,0.5,0.5,0.5,0.5,0.5,0.5,0.5,0.5,0.5,0.5,0.5,0.5,0.5
1983,Head of Household,0.15,0.18,0.21,0.25,0.29,0.37,0.44,0.48,0.5,0.5,0.5,0.5,0.5,0.5,0.5,0.5,0.5,0.5,0.5,0.5,0.5,0.5
1983,Married Filing Jointly,0.13,0.15,0.17,0.19,0.26,0.35000000000000003,0.4,0.44,0.48,0.5,0.5,0.5,0.5,0.5,0.5,0.5,0.5,0.5,0.5,0.5,0.5,0.5
1983,Married Filing Seperately,0.17,0.23,0.3,0.35000000000000003,0.4,0.44,0.5,0.5,0.5,0.5,0.5,0.5,0.5,0.5,0.5,0.5,0.5,0.5,0.5,0.5,0.5,0.5
1983,Single,0.15,0.19,0.24,0.28,0.32,0.4,0.5,0.5,0.5,0.5,0.5,0.5,0.5,0.5,0.5,0.5,0.5,0.5,0.5,0.5,0.5,0.5
1984,Head of Household,0.14,0.18,0.2,0.24,0.28,0.35000000000000003,0.42,0.45,0.48,0.5,0.5,0.5,0.5,0.5,0.5,0.5,0.5,0.5,0.5,0.5,0.5,0.5
1984,Married Filing Jointly,0.14,0.14,0.16,0.18,0.25,0.33,0.38,0.42,0.45,0.49,0.5,0.5,0.5,0.5,0.5,0.5,0.5,0.5,0.5,0.5,0.5,0.5
1984,Married Filing Seperately,0.16,0.22,0.28,0.33,0.38,0.42,0.49,0.49,0.5,0.5,0.5,0.5,0.5,0.5,0.5,0.5,0.5,0.5,0.5,0.5,0.5,0.5
1984,Single,0.15,0.18,0.23,0.26,0.3,0.38,0.48,0.48,0.5,0.5,0.5,0.5,0.5,0.5,0.5,0.5,0.5,0.5,0.5,0.5,0.5,0.5
1985,Head of Household,0.14,0.17,0.2,0.24,0.28,0.35000000000000003,0.42,0.45,0.48,0.5,0.5,0.5,0.5,0.5,0.5,0.5,0.5,0.5,0.5,0.5,0.5,0.5
1985,Married Filing Jointly,0.14,0.14,0.16,0.18,0.25,0.33,0.38,0.42,0.45,0.49,0.5,0.5,0.5,0.5,0.5,0.5,0.5,0.5,0.5,0.5,0.5,0.5
1985,Married Filing Seperately,0.16,0.22,0.28,0.33,0.38,0.42,0.49,0.49,0.5,0.5,0.5,0.5,0.5,0.5,0.5,0.5,0.5,0.5,0.5,0.5,0.5,0.5
1985,Single,0.15,0.18,0.23,0.26,0.3,0.38,0.48,0.48,0.5,0.5,0.5,0.5,0.5,0.5,0.5,0.5,0.5,0.5,0.5,0.5,0.5,0.5
1986,Head of Household,0.14,0.18,0.2,0.24,0.28,0.35000000000000003,0.42,0.45,0.48,0.5,0.5,0.5,0.5,0.5,0.5,0.5,0.5,0.5,0.5,0.5,0.5,0.5
1986,Married Filing Jointly,0.14,0.14,0.16,0.18,0.25,0.33,0.38,0.42,0.45,0.49,0.5,0.5,0.5,0.5,0.5,0.5,0.5,0.5,0.5,0.5,0.5,0.5
1986,Married Filing Seperately,0.16,0.22,0.28,0.33,0.38,0.42,0.49,0.49,0.5,0.5,0.5,0.5,0.5,0.5,0.5,0.5,0.5,0.5,0.5,0.5,0.5,0.5
1986,Single,0.15,0.18,0.23,0.26,0.3,0.38,0.48,0.48,0.5,0.5,0.5,0.5,0.5,0.5,0.5,0.5,0.5,0.5,0.5,0.5,0.5,0.5
1987,Head of Household,0.15,0.15,0.15,0.15,0.28,0.35000000000000003,0.35000000000000003,0.385,0.385,0.385,0.385,0.385,0.385,0.385,0.385,0.385,0.385,0.385,0.385,0.385,0.385,0.385
1987,Married Filing Jointly,0.15,0.15,0.15,0.15,0.28,0.28,0.35000000000000003,0.35000000000000003,0.385,0.385,0.385,0.385,0.385,0.385,0.385,0.385,0.385,0.385,0.385,0.385,0.385,0.385
1987,Married Filing Seperately,0.15,0.15,0.28,0.28,0.35000000000000003,0.35000000000000003,0.385,0.385,0.385,0.385,0.385,0.385,0.385,0.385,0.385,0.385,0.385,0.385,0.385,0.385,0.385,0.385
1987,Single,0.15,0.15,0.28,0.28,0.35000000000000003,0.35000000000000003,0.385,0.385,0.385,0.385,0.385,0.385,0.385,0.385,0.385,0.385,0.385,0.385,0.385,0.385,0.385,0.385
1988,Head of Household,0.15,0.15,0.15,0.15,0.28,0.28,0.28,0.28,0.28,0.28,0.28,0.28,0.28,0.28,0.28,0.28,0.28,0.28,0.28,0.28,0.28,0.28
1988,Married Filing Jointly,0.15,0.15,0.15,0.15,0.28,0.28,0.28,0.28,0.28,0.28,0.28,0.28,0.28,0.28,0.28,0.28,0.28,0.28,0.28,0.28,0.28,0.28
1988,Married Filing Seperately,0.15,0.15,0.28,0.28,0.28,0.28,0.28,0.28,0.28,0.28,0.28,0.28,0.28,0.28,0.28,0.28,0.28,0.28,0.28,0.28,0.28,0.28
1988,Single,0.15,0.15,0.28,0.28,0.28,0.28,0.28,0.28,0.28,0.28,0.28,0.28,0.28,0.28,0.28,0.28,0.28,0.28,0.28,0.28,0.28,0.28
1989,Head of Household,0.15,0.15,0.15,0.15,0.28,0.28,0.28,0.28,0.28,0.28,0.28,0.28,0.28,0.28,0.28,0.28,0.28,0.28,0.28,0.28,0.28,0.28
1989,Married Filing Jointly,0.15,0.15,0.15,0.15,0.28,0.28,0.28,0.28,0.28,0.28,0.28,0.28,0.28,0.28,0.28,0.28,0.28,0.28,0.28,0.28,0.28,0.28
1989,Married Filing Seperately,0.15,0.15,0.28,0.28,0.28,0.28,0.28,0.28,0.28,0.28,0.28,0.28,0.28,0.28,0.28,0.28,0.28,0.28,0.28,0.28,0.28,0.28
1989,Single,0.15,0.15,0.28,0.28,0.28,0.28,0.28,0.28,0.28,0.28,0.28,0.28,0.28,0.28,0.28,0.28,0.28,0.28,0.28,0.28,0.28,0.28
1990,Head of Household,0.15,0.15,0.15,0.15,0.28,0.28,0.28,0.28,0.28,0.28,0.28,0.28,0.28,0.28,0.28,0.28,0.28,0.28,0.28,0.28,0.28,0.28
1990,Married Filing Jointly,0.15,0.15,0.15,0.15,0.28,0.28,0.28,0.28,0.28,0.28,0.28,0.28,0.28,0.28,0.28,0.28,0.28,0.28,0.28,0.28,0.28,0.28
1990,Married Filing Seperately,0.15,0.15,0.28,0.28,0.28,0.28,0.28,0.28,0.28,0.28,0.28,0.28,0.28,0.28,0.28,0.28,0.28,0.28,0.28,0.28,0.28,0.28
1990,Single,0.15,0.15,0.28,0.28,0.28,0.28,0.28,0.28,0.28,0.28,0.28,0.28,0.28,0.28,0.28,0.28,0.28,0.28,0.28,0.28,0.28,0.28
1991,Head of Household,0.15,0.15,0.15,0.15,0.28,0.28,0.31,0.31,0.31,0.31,0.31,0.31,0.31,0.31,0.31,0.31,0.31,0.31,0.31,0.31,0.31,0.31
1991,Married Filing Jointly,0.15,0.15,0.15,0.15,0.28,0.28,0.28,0.31,0.31,0.31,0.31,0.31,0.31,0.31,0.31,0.31,0.31,0.31,0.31,0.31,0.31,0.31
1991,Married Filing Seperately,0.15,0.15,0.28,0.28,0.28,0.31,0.31,0.31,0.31,0.31,0.31,0.31,0.31,0.31,0.31,0.31,0.31,0.31,0.31,0.31,0.31,0.31
1991,Single,0.15,0.15,0.28,0.28,0.28,0.31,0.31,0.31,0.31,0.31,0.31,0.31,0.31,0.31,0.31,0.31,0.31,0.31,0.31,0.31,0.31,0.31
1992,Head of Household,0.15,0.15,0.15,0.15,0.28,0.28,0.31,0.31,0.31,0.31,0.31,0.31,0.31,0.31,0.31,0.31,0.31,0.31,0.31,0.31,0.31,0.31
1992,Married Filing Jointly,0.15,0.15,0.15,0.15,0.28,0.28,0.28,0.31,0.31,0.31,0.31,0.31,0.31,0.31,0.31,0.31,0.31,0.31,0.31,0.31,0.31,0.31
1992,Married Filing Seperately,0.15,0.15,0.28,0.28,0.28,0.31,0.31,0.31,0.31,0.31,0.31,0.31,0.31,0.31,0.31,0.31,0.31,0.31,0.31,0.31,0.31,0.31
1992,Single,0.15,0.15,0.15,0.28,0.28,0.31,0.31,0.31,0.31,0.31,0.31,0.31,0.31,0.31,0.31,0.31,0.31,0.31,0.31,0.31,0.31,0.31
1993,Head of Household,0.15,0.15,0.15,0.15,0.28,0.28,0.31,0.31,0.36,0.36,0.396,0.396,0.396,0.396,0.396,0.396,0.396,0.396,0.396,0.396,0.396,0.396
1993,Married Filing Jointly,0.15,0.15,0.15,0.15,0.28,0.28,0.28,0.31,0.31,0.36,0.396,0.396,0.396,0.396,0.396,0.396,0.396,0.396,0.396,0.396,0.396,0.396
1993,Married Filing Seperately,0.15,0.15,0.28,0.28,0.28,0.31,0.36,0.36,0.396,0.396,0.396,0.396,0.396,0.396,0.396,0.396,0.396,0.396,0.396,0.396,0.396,0.396
1993,Single,0.15,0.15,0.28,0.28,0.28,0.31,0.31,0.31,0.36,0.36,0.396,0.396,0.396,0.396,0.396,0.396,0.396,0.396,0.396,0.396,0.396,0.396
1994,Head of Household,0.15,0.15,0.15,0.15,0.28,0.28,0.31,0.31,0.36,0.36,0.396,0.396,0.396,0.396,0.396,0.396,0.396,0.396,0.396,0.396,0.396,0.396
1994,Married Filing Jointly,0.15,0.15,0.15,0.15,0.28,0.28,0.28,0.31,0.36,0.36,0.396,0.396,0.396,0.396,0.396,0.396,0.396,0.396,0.396,0.396,0.396,0.396
1994,Married Filing Seperately,0.15,0.15,0.28,0.28,0.28,0.31,0.36,0.36,0.396,0.396,0.396,0.396,0.396,0.396,0.396,0.396,0.396,0.396,0.396,0.396,0.396,0.396
1994,Single,0.15,0.15,0.15,0.28,0.28,0.31,0.31,0.31,0.36,0.36,0.396,0.396,0.396,0.396,0.396,0.396,0.396,0.396,0.396,0.396,0.396,0.396
1995,Head of Household,0.15,0.15,0.15,0.15,0.28,0.28,0.31,0.31,0.36,0.36,0.396,0.396,0.396,0.396,0.396,0.396,0.396,0.396,0.396,0.396,0.396,0.396
1995,Married Filing Jointly,0.15,0.15,0.15,0.15,0.28,0.28,0.28,0.31,0.36,0.36,0.396,0.396,0.396,0.396,0.396,0.396,0.396,0.396,0.396,0.396,0.396,0.396
1995,Married Filing Seperately,0.15,0.15,0.28,0.28,0.28,0.31,0.36,0.36,0.396,0.396,0.396,0.396,0.396,0.396,0.396,0.396,0.396,0.396,0.396,0.396,0.396,0.396
1995,Single,0.15,0.15,0.15,0.28,0.28,0.31,0.31,0.31,0.36,0.36,0.396,0.396,0.396,0.396,0.396,0.396,0.396,0.396,0.396,0.396,0.396,0.396
1996,Head of Household,0.15,0.15,0.15,0.15,0.28,0.28,0.31,0.31,0.36,0.36,0.396,0.396,0.396,0.396,0.396,0.396,0.396,0.396,0.396,0.396,0.396,0.396
1996,Married Filing Jointly,0.15,0.15,0.15,0.15,0.28,0.28,0.28,0.31,0.36,0.36,0.396,0.396,0.396,0.396,0.396,0.396,0.396,0.396,0.396,0.396,0.396,0.396
1996,Married Filing Seperately,0.15,0.15,0.28,0.28,0.28,0.31,0.36,0.36,0.396,0.396,0.396,0.396,0.396,0.396,0.396,0.396,0.396,0.396,0.396,0.396,0.396,0.396
1996,Single,0.15,0.15,0.15,0.28,0.28,0.31,0.31,0.31,0.36,0.36,0.396,0.396,0.396,0.396,0.396,0.396,0.396,0.396,0.396,0.396,0.396,0.396
1997,Head of Household,0.15,0.15,0.15,0.15,0.28,0.28,0.31,0.31,0.36,0.36,0.396,0.396,0.396,0.396,0.396,0.396,0.396,0.396,0.396,0.396,0.396,0.396
1997,Married Filing Jointly,0.15,0.15,0.15,0.15,0.28,0.28,0.28,0.31,0.36,0.36,0.396,0.396,0.396,0.396,0.396,0.396,0.396,0.396,0.396,0.396,0.396,0.396
1997,Married Filing Seperately,0.15,0.15,0.28,0.28,0.28,0.31,0.36,0.36,0.396,0.396,0.396,0.396,0.396,0.396,0.396,0.396,0.396,0.396,0.396,0.396,0.396,0.396
1997,Single,0.15,0.15,0.28,0.28,0.28,0.31,0.31,0.31,0.36,0.36,0.396,0.396,0.396,0.396,0.396,0.396,0.396,0.396,0.396,0.396,0.396,0.396
1998,Head of Household,0.15,0.15,0.15,0.15,0.28,0.28,0.31,0.31,0.36,0.36,0.396,0.396,0.396,0.396,0.396,0.396,0.396,0.396,0.396,0.396,0.396,0.396
1998,Married Filing Jointly,0.15,0.15,0.15,0.15,0.28,0.28,0.28,0.31,0.36,0.36,0.396,0.396,0.396,0.396,0.396,0.396,0.396,0.396,0.396,0.396,0.396,0.396
1998,Married Filing Seperately,0.15,0.15,0.28,0.28,0.28,0.31,0.36,0.36,0.396,0.396,0.396,0.396,0.396,0.396,0.396,0.396,0.396,0.396,0.396,0.396,0.396,0.396
1998,Single,0.15,0.15,0.15,0.28,0.28,0.31,0.31,0.31,0.36,0.36,0.396,0.396,0.396,0.396,0.396,0.396,0.396,0.396,0.396,0.396,0.396,0.396
1999,Head of Household,0.15,0.15,0.15,0.15,0.28,0.28,0.31,0.31,0.36,0.36,0.396,0.396,0.396,0.396,0.396,0.396,0.396,0.396,0.396,0.396,0.396,0.396
1999,Married Filing Jointly,0.15,0.15,0.15,0.15,0.28,0.28,0.28,0.31,0.36,0.36,0.396,0.396,0.396,0.396,0.396,0.396,0.396,0.396,0.396,0.396,0.396,0.396
1999,Married Filing Seperately,0.15,0.15,0.28,0.28,0.28,0.31,0.36,0.36,0.396,0.396,0.396,0.396,0.396,0.396,0.396,0.396,0.396,0.396,0.396,0.396,0.396,0.396
1999,Single,0.15,0.15,0.15,0.28,0.28,0.31,0.31,0.31,0.36,0.36,0.396,0.396,0.396,0.396,0.396,0.396,0.396,0.396,0.396,0.396,0.396,0.396
2000,Head of Household,0.15,0.15,0.15,0.15,0.28,0.28,0.31,0.31,0.36,0.36,0.396,0.396,0.396,0.396,0.396,0.396,0.396,0.396,0.396,0.396,0.396,0.396
2000,Married Filing Jointly,0.15,0.15,0.15,0.15,0.28,0.28,0.28,0.31,0.36,0.36,0.396,0.396,0.396,0.396,0.396,0.396,0.396,0.396,0.396,0.396,0.396,0.396
2000,Married Filing Seperately,0.15,0.15,0.28,0.28,0.28,0.31,0.36,0.36,0.396,0.396,0.396,0.396,0.396,0.396,0.396,0.396,0.396,0.396,0.396,0.396,0.396,0.396
2000,Single,0.15,0.15,0.15,0.28,0.28,0.31,0.31,0.31,0.36,0.36,0.396,0.396,0.396,0.396,0.396,0.396,0.396,0.396,0.396,0.396,0.396,0.396
2001,Head of Household,0.15,0.15,0.15,0.15,0.275,0.275,0.305,0.305,0.355,0.355,0.391,0.391,0.391,0.391,0.391,0.391,0.391,0.391,0.391,0.391,0.391,0.391
2001,Married Filing Jointly,0.15,0.15,0.15,0.15,0.275,0.275,0.275,0.305,0.355,0.355,0.391,0.391,0.391,0.391,0.391,0.391,0.391,0.391,0.391,0.391,0.391,0.391
2001,Married Filing Seperately,0.15,0.15,0.275,0.275,0.275,0.305,0.355,0.355,0.391,0.391,0.391,0.391,0.391,0.391,0.391,0.391,0.391,0.391,0.391,0.391,0.391,0.391
2001,Single,0.15,0.15,0.275,0.275,0.275,0.305,0.305,0.305,0.355,0.355,0.391,0.391,0.391,0.391,0.391,0.391,0.391,0.391,0.391,0.391,0.391,0.391
2002,Head of Household,0.15,0.15,0.15,0.15,0.25,0.25,0.28,0.28,0.33,0.33,0.35000000000000003,0.35000000000000003,0.35000000000000003,0.35000000000000003,0.35000000000000003,0.35000000000000003,0.35000000000000003,0.35000000000000003,0.35000000000000003,0.35000000000000003,0.35000000000000003,0.35000000000000003
2002,Married Filing Jointly,0.15,0.15,0.15,0.15,0.25,0.25,0.25,0.28,0.28,0.33,0.35000000000000003,0.35000000000000003,0.35000000000000003,0.35000000000000003,0.35000000000000003,0.35000000000000003,0.35000000000000003,0.35000000000000003,0.35000000000000003,0.35000000000000003,0.35000000000000003,0.35000000000000003
2002,Married Filing Seperately,0.15,0.15,0.25,0.25,0.25,0.28,0.33,0.33,0.35000000000000003,0.35000000000000003,0.35000000000000003,0.35000000000000003,0.35000000000000003,0.35000000000000003,0.35000000000000003,0.35000000000000003,0.35000000000000003,0.35000000000000003,0.35000000000000003,0.35000000000000003,0.35000000000000003,0.35000000000000003
2002,Single,0.15,0.15,0.15,0.25,0.25,0.28,0.28,0.28,0.33,0.33,0.35000000000000003,0.35000000000000003,0.35000000000000003,0.35000000000000003,0.35000000000000003,0.35000000000000003,0.35000000000000003,0.35000000000000003,0.35000000000000003,0.35000000000000003,0.35000000000000003,0.35000000000000003
2003,Head of Household,0.15,0.15,0.15,0.15,0.25,0.25,0.28,0.28,0.33,0.33,0.35000000000000003,0.35000000000000003,0.35000000000000003,0.35000000000000003,0.35000000000000003,0.35000000000000003,0.35000000000000003,0.35000000000000003,0.35000000000000003,0.35000000000000003,0.35000000000000003,0.35000000000000003
2003,Married Filing Jointly,0.15,0.15,0.15,0.15,0.15,0.25,0.25,0.28,0.33,0.33,0.35000000000000003,0.35000000000000003,0.35000000000000003,0.35000000000000003,0.35000000000000003,0.35000000000000003,0.35000000000000003,0.35000000000000003,0.35000000000000003,0.35000000000000003,0.35000000000000003,0.35000000000000003
2003,Married Filing Seperately,0.15,0.15,0.25,0.25,0.25,0.28,0.33,0.33,0.35000000000000003,0.35000000000000003,0.35000000000000003,0.35000000000000003,0.35000000000000003,0.35000000000000003,0.35000000000000003,0.35000000000000003,0.35000000000000003,0.35000000000000003,0.35000000000000003,0.35000000000000003,0.35000000000000003,0.35000000000000003
2003,Single,0.15,0.15,0.15,0.25,0.25,0.28,0.28,0.28,0.33,0.33,0.35000000000000003,0.35000000000000003,0.35000000000000003,0.35000000000000003,0.35000000000000003,0.35000000000000003,0.35000000000000003,0.35000000000000003,0.35000000000000003,0.35000000000000003,0.35000000000000003,0.35000000000000003
2004,Head of Household,0.15,0.15,0.15,0.15,0.25,0.25,0.28,0.28,0.33,0.33,0.35000000000000003,0.35000000000000003,0.35000000000000003,0.35000000000000003,0.35000000000000003,0.35000000000000003,0.35000000000000003,0.35000000000000003,0.35000000000000003,0.35000000000000003,0.35000000000000003,0.35000000000000003
2004,Married Filing Jointly,0.15,0.15,0.15,0.15,0.15,0.25,0.25,0.28,0.33,0.33,0.35000000000000003,0.35000000000000003,0.35000000000000003,0.35000000000000003,0.35000000000000003,0.35000000000000003,0.35000000000000003,0.35000000000000003,0.35000000000000003,0.35000000000000003,0.35000000000000003,0.35000000000000003
2004,Married Filing Seperately,0.15,0.15,0.15,0.25,0.25,0.28,0.33,0.33,0.35000000000000003,0.35000000000000003,0.35000000000000003,0.35000000000000003,0.35000000000000003,0.35000000000000003,0.35000000000000003,0.35000000000000003,0.35000000000000003,0.35000000000000003,0.35000000000000003,0.35000000000000003,0.35000000000000003,0.35000000000000003
2004,Single,0.15,0.15,0.15,0.25,0.25,0.28,0.28,0.28,0.33,0.33,0.35000000000000003,0.35000000000000003,0.35000000000000003,0.35000000000000003,0.35000000000000003,0.35000000000000003,0.35000000000000003,0.35000000000000003,0.35000000000000003,0.35000000000000003,0.35000000000000003,0.35000000000000003
2005,Head of Household,0.15,0.15,0.15,0.15,0.25,0.25,0.28,0.28,0.33,0.33,0.35000000000000003,0.35000000000000003,0.35000000000000003,0.35000000000000003,0.35000000000000003,0.35000000000000003,0.35000000000000003,0.35000000000000003,0.35000000000000003,0.35000000000000003,0.35000000000000003,0.35000000000000003
2005,Married Filing Jointly,0.15,0.15,0.15,0.15,0.15,0.25,0.25,0.28,0.33,0.33,0.35000000000000003,0.35000000000000003,0.35000000000000003,0.35000000000000003,0.35000000000000003,0.35000000000000003,0.35000000000000003,0.35000000000000003,0.35000000000000003,0.35000000000000003,0.35000000000000003,0.35000000000000003
2005,Married Filing Seperately,0.15,0.15,0.15,0.25,0.25,0.28,0.33,0.33,0.35000000000000003,0.35000000000000003,0.35000000000000003,0.35000000000000003,0.35000000000000003,0.35000000000000003,0.35000000000000003,0.35000000000000003,0.35000000000000003,0.35000000000000003,0.35000000000000003,0.35000000000000003,0.35000000000000003,0.35000000000000003
2005,Single,0.15,0.15,0.15,0.25,0.25,0.28,0.28,0.28,0.33,0.33,0.35000000000000003,0.35000000000000003,0.35000000000000003,0.35000000000000003,0.35000000000000003,0.35000000000000003,0.35000000000000003,0.35000000000000003,0.35000000000000003,0.35000000000000003,0.35000000000000003,0.35000000000000003
2006,Head of Household,0.15,0.15,0.15,0.15,0.25,0.25,0.28,0.28,0.33,0.33,0.35000000000000003,0.35000000000000003,0.35000000000000003,0.35000000000000003,0.35000000000000003,0.35000000000000003,0.35000000000000003,0.35000000000000003,0.35000000000000003,0.35000000000000003,0.35000000000000003,0.35000000000000003
2006,Married Filing Jointly,0.15,0.15,0.15,0.15,0.15,0.25,0.25,0.28,0.33,0.33,0.35000000000000003,0.35000000000000003,0.35000000000000003,0.35000000000000003,0.35000000000000003,0.35000000000000003,0.35000000000000003,0.35000000000000003,0.35000000000000003,0.35000000000000003,0.35000000000000003,0.35000000000000003
2006,Married Filing Seperately,0.15,0.15,0.25,0.25,0.25,0.28,0.33,0.33,0.35000000000000003,0.35000000000000003,0.35000000000000003,0.35000000000000003,0.35000000000000003,0.35000000000000003,0.35000000000000003,0.35000000000000003,0.35000000000000003,0.35000000000000003,0.35000000000000003,0.35000000000000003,0.35000000000000003,0.35000000000000003
2006,Single,0.15,0.15,0.25,0.25,0.25,0.28,0.28,0.28,0.33,0.33,0.35000000000000003,0.35000000000000003,0.35000000000000003,0.35000000000000003,0.35000000000000003,0.35000000000000003,0.35000000000000003,0.35000000000000003,0.35000000000000003,0.35000000000000003,0.35000000000000003,0.35000000000000003
2007,Head of Household,0.15,0.15,0.15,0.15,0.25,0.25,0.28,0.28,0.33,0.33,0.35000000000000003,0.35000000000000003,0.35000000000000003,0.35000000000000003,0.35000000000000003,0.35000000000000003,0.35000000000000003,0.35000000000000003,0.35000000000000003,0.35000000000000003,0.35000000000000003,0.35000000000000003
2007,Married Filing Jointly,0.15,0.15,0.15,0.15,0.15,0.25,0.25,0.28,0.33,0.33,0.35000000000000003,0.35000000000000003,0.35000000000000003,0.35000000000000003,0.35000000000000003,0.35000000000000003,0.35000000000000003,0.35000000000000003,0.35000000000000003,0.35000000000000003,0.35000000000000003,0.35000000000000003
2007,Married Filing Seperately,0.15,0.15,0.15,0.25,0.25,0.28,0.33,0.33,0.35000000000000003,0.35000000000000003,0.35000000000000003,0.35000000000000003,0.35000000000000003,0.35000000000000003,0.35000000000000003,0.35000000000000003,0.35000000000000003,0.35000000000000003,0.35000000000000003,0.35000000000000003,0.35000000000000003,0.35000000000000003
2007,Single,0.15,0.15,0.15,0.25,0.25,0.28,0.28,0.28,0.33,0.33,0.35000000000000003,0.35000000000000003,0.35000000000000003,0.35000000000000003,0.35000000000000003,0.35000000000000003,0.35000000000000003,0.35000000000000003,0.35000000000000003,0.35000000000000003,0.35000000000000003,0.35000000000000003
2008,Head of Household,0.15,0.15,0.15,0.15,0.25,0.25,0.28,0.28,0.33,0.33,0.35000000000000003,0.35000000000000003,0.35000000000000003,0.35000000000000003,0.35000000000000003,0.35000000000000003,0.35000000000000003,0.35000000000000003,0.35000000000000003,0.35000000000000003,0.35000000000000003,0.35000000000000003
2008,Married Filing Jointly,0.15,0.15,0.15,0.15,0.15,0.25,0.25,0.28,0.33,0.33,0.35000000000000003,0.35000000000000003,0.35000000000000003,0.35000000000000003,0.35000000000000003,0.35000000000000003,0.35000000000000003,0.35000000000000003,0.35000000000000003,0.35000000000000003,0.35000000000000003,0.35000000000000003
2008,Married Filing Seperately,0.15,0.15,0.25,0.25,0.25,0.28,0.33,0.33,0.35000000000000003,0.35000000000000003,0.35000000000000003,0.35000000000000003,0.35000000000000003,0.35000000000000003,0.35000000000000003,0.35000000000000003,0.35000000000000003,0.35000000000000003,0.35000000000000003,0.35000000000000003,0.35000000000000003,0.35000000000000003
2008,Single,0.15,0.15,0.25,0.25,0.25,0.28,0.28,0.28,0.33,0.33,0.35000000000000003,0.35000000000000003,0.35000000000000003,0.35000000000000003,0.35000000000000003,0.35000000000000003,0.35000000000000003,0.35000000000000003,0.35000000000000003,0.35000000000000003,0.35000000000000003,0.35000000000000003
2009,Head of Household,0.15,0.15,0.15,0.15,0.25,0.25,0.28,0.28,0.33,0.33,0.35000000000000003,0.35000000000000003,0.35000000000000003,0.35000000000000003,0.35000000000000003,0.35000000000000003,0.35000000000000003,0.35000000000000003,0.35000000000000003,0.35000000000000003,0.35000000000000003,0.35000000000000003
2009,Married Filing Jointly,0.1,0.15,0.15,0.15,0.15,0.25,0.25,0.28,0.28,0.33,0.35000000000000003,0.35000000000000003,0.35000000000000003,0.35000000000000003,0.35000000000000003,0.35000000000000003,0.35000000000000003,0.35000000000000003,0.35000000000000003,0.35000000000000003,0.35000000000000003,0.35000000000000003
2009,Married Filing Seperately,0.15,0.15,0.15,0.25,0.25,0.28,0.33,0.33,0.35000000000000003,0.35000000000000003,0.35000000000000003,0.35000000000000003,0.35000000000000003,0.35000000000000003,0.35000000000000003,0.35000000000000003,0.35000000000000003,0.35000000000000003,0.35000000000000003,0.35000000000000003,0.35000000000000003,0.35000000000000003
2009,Single,0.15,0.15,0.15,0.25,0.25,0.25,0.28,0.28,0.33,0.33,0.35000000000000003,0.35000000000000003,0.35000000000000003,0.35000000000000003,0.35000000000000003,0.35000000000000003,0.35000000000000003,0.35000000000000003,0.35000000000000003,0.35000000000000003,0.35000000000000003,0.35000000000000003
2010,Head of Household,0.15,0.15,0.15,0.15,0.25,0.25,0.28,0.28,0.33,0.33,0.35000000000000003,0.35000000000000003,0.35000000000000003,0.35000000000000003,0.35000000000000003,0.35000000000000003,0.35000000000000003,0.35000000000000003,0.35000000000000003,0.35000000000000003,0.35000000000000003,0.35000000000000003
2010,Married Filing Jointly,0.15,0.15,0.15,0.15,0.15,0.25,0.25,0.28,0.33,0.33,0.35000000000000003,0.35000000000000003,0.35000000000000003,0.35000000000000003,0.35000000000000003,0.35000000000000003,0.35000000000000003,0.35000000000000003,0.35000000000000003,0.35000000000000003,0.35000000000000003,0.35000000000000003
2010,Married Filing Seperately,0.15,0.15,0.15,0.25,0.25,0.28,0.33,0.33,0.35000000000000003,0.35000000000000003,0.35000000000000003,0.35000000000000003,0.35000000000000003,0.35000000000000003,0.35000000000000003,0.35000000000000003,0.35000000000000003,0.35000000000000003,0.35000000000000003,0.35000000000000003,0.35000000000000003,0.35000000000000003
2010,Single,0.15,0.15,0.15,0.25,0.25,0.28,0.28,0.28,0.33,0.33,0.35000000000000003,0.35000000000000003,0.35000000000000003,0.35000000000000003,0.35000000000000003,0.35000000000000003,0.35000000000000003,0.35000000000000003,0.35000000000000003,0.35000000000000003,0.35000000000000003,0.35000000000000003
2011,Head of Household,0.15,0.15,0.15,0.15,0.25,0.25,0.28,0.28,0.33,0.33,0.35000000000000003,0.35000000000000003,0.35000000000000003,0.35000000000000003,0.35000000000000003,0.35000000000000003,0.35000000000000003,0.35000000000000003,0.35000000000000003,0.35000000000000003,0.35000000000000003,0.35000000000000003
2011,Married Filing Jointly,0.15,0.15,0.15,0.15,0.15,0.25,0.25,0.28,0.33,0.33,0.35000000000000003,0.35000000000000003,0.35000000000000003,0.35000000000000003,0.35000000000000003,0.35000000000000003,0.35000000000000003,0.35000000000000003,0.35000000000000003,0.35000000000000003,0.35000000000000003,0.35000000000000003
2011,Married Filing Seperately,0.15,0.15,0.15,0.25,0.25,0.28,0.33,0.33,0.35000000000000003,0.35000000000000003,0.35000000000000003,0.35000000000000003,0.35000000000000003,0.35000000000000003,0.35000000000000003,0.35000000000000003,0.35000000000000003,0.35000000000000003,0.35000000000000003,0.35000000000000003,0.35000000000000003,0.35000000000000003
2011,Single,0.15,0.15,0.15,0.25,0.25,0.28,0.28,0.28,0.33,0.33,0.35000000000000003,0.35000000000000003,0.35000000000000003,0.35000000000000003,0.35000000000000003,0.35000000000000003,0.35000000000000003,0.35000000000000003,0.35000000000000003,0.35000000000000003,0.35000000000000003,0.35000000000000003
2012,Head of Household,0.15,0.15,0.15,0.15,0.25,0.25,0.28,0.28,0.33,0.33,0.35000000000000003,0.35000000000000003,0.35000000000000003,0.35000000000000003,0.35000000000000003,0.35000000000000003,0.35000000000000003,0.35000000000000003,0.35000000000000003,0.35000000000000003,0.35000000000000003,0.35000000000000003
2012,Married Filing Jointly,0.15,0.15,0.15,0.15,0.15,0.25,0.25,0.28,0.33,0.33,0.35000000000000003,0.35000000000000003,0.35000000000000003,0.35000000000000003,0.35000000000000003,0.35000000000000003,0.35000000000000003,0.35000000000000003,0.35000000000000003,0.35000000000000003,0.35000000000000003,0.35000000000000003
2012,Married Filing Seperately,0.15,0.15,0.15,0.25,0.25,0.28,0.33,0.33,0.35000000000000003,0.35000000000000003,0.35000000000000003,0.35000000000000003,0.35000000000000003,0.35000000000000003,0.35000000000000003,0.35000000000000003,0.35000000000000003,0.35000000000000003,0.35000000000000003,0.35000000000000003,0.35000000000000003,0.35000000000000003
2012,Single,0.15,0.15,0.15,0.25,0.25,0.28,0.28,0.28,0.33,0.33,0.35000000000000003,0.35000000000000003,0.35000000000000003,0.35000000000000003,0.35000000000000003,0.35000000000000003,0.35000000000000003,0.35000000000000003,0.35000000000000003,0.35000000000000003,0.35000000000000003,0.35000000000000003
2013,Head of Household,0.15,0.15,0.15,0.15,0.25,0.25,0.28,0.28,0.33,0.33,0.396,0.396,0.396,0.396,0.396,0.396,0.396,0.396,0.396,0.396,0.396,0.396
2013,Married Filing Jointly,0.15,0.15,0.15,0.15,0.15,0.25,0.25,0.28,0.33,0.33,0.35000000000000003,0.396,0.396,0.396,0.396,0.396,0.396,0.396,0.396,0.396,0.396,0.396
2013,Married Filing Seperately,0.15,0.15,0.15,0.25,0.25,0.28,0.33,0.33,0.35000000000000003,0.396,0.396,0.396,0.396,0.396,0.396,0.396,0.396,0.396,0.396,0.396,0.396,0.396
2013,Single,0.15,0.15,0.15,0.25,0.25,0.28,0.28,0.28,0.33,0.33,0.396,0.396,0.396,0.396,0.396,0.396,0.396,0.396,0.396,0.396,0.396,0.396
2014,Head of Household,0.15,0.15,0.15,0.15,0.25,0.25,0.28,0.28,0.33,0.33,0.396,0.396,0.396,0.396,0.396,0.396,0.396,0.396,0.396,0.396,0.396,0.396
2014,Married Filing Jointly,0.1,0.15,0.15,0.15,0.15,0.25,0.25,0.28,0.28,0.33,0.35000000000000003,0.396,0.396,0.396,0.396,0.396,0.396,0.396,0.396,0.396,0.396,0.396
2014,Married Filing Seperately,0.15,0.15,0.15,0.25,0.25,0.28,0.33,0.33,0.35000000000000003,0.396,0.396,0.396,0.396,0.396,0.396,0.396,0.396,0.396,0.396,0.396,0.396,0.396
2014,Single,0.15,0.15,0.15,0.25,0.25,0.28,0.28,0.28,0.33,0.33,0.396,0.396,0.396,0.396,0.396,0.396,0.396,0.396,0.396,0.396,0.396,0.396
2015,Head of Household,0.15,0.15,0.15,0.15,0.25,0.25,0.28,0.28,0.33,0.33,0.396,0.396,0.396,0.396,0.396,0.396,0.396,0.396,0.396,0.396,0.396,0.396
2015,Married Filing Jointly,0.1,0.15,0.15,0.15,0.15,0.25,0.25,0.28,0.28,0.33,0.35000000000000003,0.396,0.396,0.396,0.396,0.396,0.396,0.396,0.396,0.396,0.396,0.396
2015,Married Filing Seperately,0.15,0.15,0.15,0.25,0.25,0.28,0.33,0.33,0.35000000000000003,0.396,0.396,0.396,0.396,0.396,0.396,0.396,0.396,0.396,0.396,0.396,0.396,0.396
2015,Single,0.15,0.15,0.15,0.25,0.25,0.25,0.28,0.28,0.33,0.33,0.396,0.396,0.396,0.396,0.396,0.396,0.396,0.396,0.396,0.396,0.396,0.396
2016,Head of Household,0.15,0.15,0.15,0.15,0.25,0.25,0.28,0.28,0.33,0.33,0.396,0.396,0.396,0.396,0.396,0.396,0.396,0.396,0.396,0.396,0.396,0.396
2016,Married Filing Jointly,0.1,0.15,0.15,0.15,0.15,0.25,0.25,0.28,0.28,0.33,0.35000000000000003,0.396,0.396,0.396,0.396,0.396,0.396,0.396,0.396,0.396,0.396,0.396
2016,Married Filing Seperately,0.15,0.15,0.15,0.25,0.25,0.28,0.33,0.33,0.35000000000000003,0.396,0.396,0.396,0.396,0.396,0.396,0.396,0.396,0.396,0.396,0.396,0.396,0.396
2016,Single,0.15,0.15,0.15,0.25,0.25,0.28,0.28,0.28,0.33,0.33,0.396,0.396,0.396,0.396,0.396,0.396,0.396,0.396,0.396,0.396,0.396,0.396
2017,Head of Household,0.15,0.15,0.15,0.15,0.25,0.25,0.28,0.28,0.33,0.33,0.396,0.396,0.396,0.396,0.396,0.396,0.396,0.396,0.396,0.396,0.396,0.396
2017,Married Filing Jointly,0.15,0.15,0.15,0.15,0.15,0.25,0.25,0.28,0.33,0.33,0.35000000000000003,0.396,0.396,0.396,0.396,0.396,0.396,0.396,0.396,0.396,0.396,0.396
2017,Married Filing Seperately,0.15,0.15,0.15,0.25,0.25,0.28,0.33,0.33,0.35000000000000003,0.396,0.396,0.396,0.396,0.396,0.396,0.396,0.396,0.396,0.396,0.396,0.396,0.396
2017,Single,0.15,0.15,0.15,0.25,0.25,0.28,0.28,0.28,0.33,0.33,0.396,0.396,0.396,0.396,0.396,0.396,0.396,0.396,0.396,0.396,0.396,0.396
2018,Head of Household,0.15,0.15,0.15,0.15,0.25,0.25,0.28,0.28,0.33,0.33,0.396,0.396,0.396,0.396,0.396,0.396,0.396,0.396,0.396,0.396,0.396,0.396
2018,Married Filing Jointly,0.15,0.15,0.15,0.15,0.15,0.25,0.25,0.28,0.33,0.33,0.396,0.396,0.396,0.396,0.396,0.396,0.396,0.396,0.396,0.396,0.396,0.396
2018,Married Filing Seperately,0.15,0.15,0.15,0.25,0.25,0.28,0.33,0.33,0.396,0.396,0.396,0.396,0.396,0.396,0.396,0.396,0.396,0.396,0.396,0.396,0.396,0.396
2018,Single,0.15,0.15,0.15,0.25,0.25,0.28,0.28,0.28,0.33,0.33,0.396,0.396,0.396,0.396,0.396,0.396,0.396,0.396,0.396,0.396,0.396,0.396
2019,Head of Household,0.12,0.12,0.12,0.12,0.22,0.24,0.24,0.32,0.35000000000000003,0.35000000000000003,0.35000000000000003,0.37,0.37,0.37,0.37,0.37,0.37,0.37,0.37,0.37,0.37,0.37
2019,Married Filing Jointly,0.12,0.12,0.12,0.12,0.12,0.22,0.22,0.24,0.24,0.24,0.35000000000000003,0.37,0.37,0.37,0.37,0.37,0.37,0.37,0.37,0.37,0.37,0.37
2019,Married Filing Seperately,0.12,0.12,0.22,0.22,0.22,0.24,0.24,0.32,0.35000000000000003,0.35000000000000003,0.37,0.37,0.37,0.37,0.37,0.37,0.37,0.37,0.37,0.37,0.37,0.37
2019,Single,0.12,0.12,0.22,0.22,0.22,0.24,0.24,0.32,0.35000000000000003,0.35000000000000003,0.35000000000000003,0.37,0.37,0.37,0.37,0.37,0.37,0.37,0.37,0.37,0.37,0.37
2020,Head of Household,0.12,0.12,0.12,0.12,0.22,0.24,0.24,0.32,0.35000000000000003,0.35000000000000003,0.35000000000000003,0.37,0.37,0.37,0.37,0.37,0.37,0.37,0.37,0.37,0.37,0.37
2020,Married Filing Jointly,0.12,0.12,0.12,0.12,0.12,0.22,0.22,0.24,0.24,0.24,0.35000000000000003,0.37,0.37,0.37,0.37,0.37,0.37,0.37,0.37,0.37,0.37,0.37
2020,Married Filing Seperately,0.12,0.12,0.22,0.22,0.22,0.24,0.24,0.32,0.35000000000000003,0.35000000000000003,0.37,0.37,0.37,0.37,0.37,0.37,0.37,0.37,0.37,0.37,0.37,0.37
2020,Single,0.12,0.12,0.22,0.22,0.22,0.24,0.24,0.32,0.35000000000000003,0.35000000000000003,0.35000000000000003,0.37,0.37,0.37,0.37,0.37,0.37,0.37,0.37,0.37,0.37,0.37
2021,Head of Household,0.12,0.12,0.12,0.12,0.22,0.24,0.24,0.32,0.35000000000000003,0.35000000000000003,0.35000000000000003,0.37,0.37,0.37,0.37,0.37,0.37,0.37,0.37,0.37,0.37,0.37
2021,Married Filing Jointly,0.12,0.12,0.12,0.12,0.12,0.22,0.22,0.24,0.24,0.24,0.35000000000000003,0.37,0.37,0.37,0.37,0.37,0.37,0.37,0.37,0.37,0.37,0.37
2021,Married Filing Seperately,0.12,0.12,0.12,0.22,0.22,0.24,0.24,0.32,0.35000000000000003,0.35000000000000003,0.37,0.37,0.37,0.37,0.37,0.37,0.37,0.37,0.37,0.37,0.37,0.37
2021,Single,0.12,0.12,0.12,0.22,0.22,0.24,0.24,0.32,0.35000000000000003,0.35000000000000003,0.35000000000000003,0.37,0.37,0.37,0.37,0.37,0.37,0.37,0.37,0.37,0.37,0.37
