Year,Lower Bound,Single,Married Filing Seperately,Married Filing Jointly,Head of Household
1913,0.0,0.01,0.01,0.01,0.01
1913,20000.0,0.02,0.02,0.02,0.02
1913,50000.0,0.03,0.03,0.03,0.03
1913,75000.0,0.04,0.04,0.04,0.04
1913,100000.0,0.05,0.05,0.05,0.05
1913,250000.0,0.06,0.06,0.06,0.06
1913,500000.0,0.07,0.07,0.07,0.07
1914,0.0,0.01,0.01,0.01,0.01
1914,20000.0,0.02,0.02,0.02,0.02
1914,50000.0,0.03,0.03,0.03,0.03
1914,75000.0,0.04,0.04,0.04,0.04
1914,100000.0,0.05,0.05,0.05,0.05
1914,250000.0,0.06,0.06,0.06,0.06
1914,500000.0,0.07,0.07,0.07,0.07
1915,0.0,0.01,0.01,0.01,0.01
1915,20000.0,0.02,0.02,0.02,0.02
1915,50000.0,0.03,0.03,0.03,0.03
1915,75000.0,0.04,0.04,0.04,0.04
1915,100000.0,0.05,0.05,0.05,0.05
1915,250000.0,0.06,0.06,0.06,0.06
1915,500000.0,0.07,0.07,0.07,0.07
1916,0.0,0.02,0.02,0.02,0.02
1916,20000.0,0.03,0.03,0.03,0.03
1916,40000.0,0.04,0.04,0.04,0.04
1916,60000.0,0.05,0.05,0.05,0.05
1916,80000.0,0.06,0.06,0.06,0.06
1916,100000.0,0.07,0.07,0.07,0.07
1916,150000.0,0.08,0.08,0.08,0.08
1916,200000.0,0.09,0.09,0.09,0.09
1916,250000.0,0.1,0.1,0.1,0.1
1916,300000.0,0.11,0.11,0.11,0.11
1916,500000.0,0.12,0.12,0.12,0.12
1916,1000000.0,0.13,0.13,0.13,0.13
1916,1500000.0,0.14,0.14,0.14,0.14
1916,2000000.0,0.15,0.15,0.15,0.15
1917,0.0,0.02,0.02,0.02,0.02
1917,2000.0,0.04,0.04,0.04,0.04
1917,5000.0,0.05,0.05,0.05,0.05
1917,7500.0,0.06,0.06,0.06,0.06
1917,10000.0,0.07,0.07,0.07,0.07
1917,12500.0,0.08,0.08,0.08,0.08
1917,15000.0,0.09,0.09,0.09,0.09
1917,20000.0,0.12,0.12,0.12,0.12
1917,40000.0,0.16,0.16,0.16,0.16
1917,60000.0,0.21,0.21,0.21,0.21
1917,80000.0,0.26,0.26,0.26,0.26
1917,100000.0,0.31,0.31,0.31,0.31
1917,150000.0,0.35000000000000003,0.35000000000000003,0.35000000000000003,0.35000000000000003
1917,200000.0,0.41000000000000003,0.41000000000000003,0.41000000000000003,0.41000000000000003
1917,250000.0,0.46,0.46,0.46,0.46
1917,300000.0,0.5,0.5,0.5,0.5
1917,500000.0,0.54,0.54,0.54,0.54
1917,750000.0,0.59,0.59,0.59,0.59
1917,1000000.0,0.65,0.65,0.65,0.65
1917,1500000.0,0.66,0.66,0.66,0.66
1917,2000000.0,0.67,0.67,0.67,0.67
1918,0.0,0.06,0.06,0.06,0.06
1918,4000.0,0.12,0.12,0.12,0.12
1918,5000.0,0.13,0.13,0.13,0.13
1918,6000.0,0.14,0.14,0.14,0.14
1918,8000.0,0.15,0.15,0.15,0.15
1918,10000.0,0.16,0.16,0.16,0.16
1918,12000.0,0.17,0.17,0.17,0.17
1918,14000.0,0.18,0.18,0.18,0.18
1918,16000.0,0.19,0.19,0.19,0.19
1918,18000.0,0.2,0.2,0.2,0.2
1918,20000.0,0.21,0.21,0.21,0.21
1918,22000.0,0.22,0.22,0.22,0.22
1918,24000.0,0.23,0.23,0.23,0.23
1918,26000.0,0.24,0.24,0.24,0.24
1918,28000.0,0.25,0.25,0.25,0.25
1918,30000.0,0.26,0.26,0.26,0.26
1918,32000.0,0.27,0.27,0.27,0.27
1918,34000.0,0.28,0.28,0.28,0.28
1918,36000.0,0.29,0.29,0.29,0.29
1918,38000.0,0.3,0.3,0.3,0.3
1918,40000.0,0.31,0.31,0.31,0.31
1918,42000.0,0.32,0.32,0.32,0.32
1918,44000.0,0.33,0.33,0.33,0.33
1918,46000.0,0.34,0.34,0.34,0.34
1918,48000.0,0.35000000000000003,0.35000000000000003,0.35000000000000003,0.35000000000000003
1918,50000.0,0.36,0.36,0.36,0.36
1918,52000.0,0.37,0.37,0.37,0.37
1918,54000.0,0.38,0.38,0.38,0.38
1918,56000.0,0.39,0.39,0.39,0.39
1918,58000.0,0.4,0.4,0.4,0.4
1918,60000.0,0.41000000000000003,0.41000000000000003,0.41000000000000003,0.41000000000000003
1918,62000.0,0.42,0.42,0.42,0.42
1918,64000.0,0.43,0.43,0.43,0.43
1918,66000.0,0.44,0.44,0.44,0.44
1918,68000.0,0.45,0.45,0.45,0.45
1918,70000.0,0.46,0.46,0.46,0.46
1918,72000.0,0.47000000000000003,0.47000000000000003,0.47000000000000003,0.47000000000000003
1918,74000.0,0.48,0.48,0.48,0.48
1918,76000.0,0.49,0.49,0.49,0.49
1918,78000.0,0.5,0.5,0.5,0.5
1918,80000.0,0.51,0.51,0.51,0.51
1918,82000.0,0.52,0.52,0.52,0.52
1918,84000.0,0.53,0.53,0.53,0.53
1918,86000.0,0.54,0.54,0.54,0.54
1918,88000.0,0.55,0.55,0.55,0.55
1918,90000.0,0.56,0.56,0.56,0.56
1918,92000.0,0.5700000000000001,0.5700000000000001,0.5700000000000001,0.5700000000000001
1918,94000.0,0.58,0.58,0.58,0.58
1918,96000.0,0.59,0.59,0.59,0.59
1918,98000.0,0.6,0.6,0.6,0.6
1918,100000.0,0.64,0.64,0.64,0.64
1918,150000.0,0.68,0.68,0.68,0.68
1918,200000.0,0.72,0.72,0.72,0.72
1918,300000.0,0.75,0.75,0.75,0.75
1918,500000.0,0.76,0.76,0.76,0.76
1918,1000000.0,0.77,0.77,0.77,0.77
1919,0.0,0.04,0.04,0.04,0.04
1919,4000.0,0.08,0.08,0.08,0.08
1919,5000.0,0.09,0.09,0.09,0.09
1919,6000.0,0.1,0.1,0.1,0.1
1919,8000.0,0.11,0.11,0.11,0.11
1919,10000.0,0.12,0.12,0.12,0.12
1919,12000.0,0.13,0.13,0.13,0.13
1919,14000.0,0.14,0.14,0.14,0.14
1919,16000.0,0.15,0.15,0.15,0.15
1919,18000.0,0.16,0.16,0.16,0.16
1919,20000.0,0.17,0.17,0.17,0.17
1919,22000.0,0.18,0.18,0.18,0.18
1919,24000.0,0.19,0.19,0.19,0.19
1919,26000.0,0.2,0.2,0.2,0.2
1919,28000.0,0.21,0.21,0.21,0.21
1919,30000.0,0.22,0.22,0.22,0.22
1919,32000.0,0.23,0.23,0.23,0.23
1919,34000.0,0.24,0.24,0.24,0.24
1919,36000.0,0.25,0.25,0.25,0.25
1919,38000.0,0.26,0.26,0.26,0.26
1919,40000.0,0.27,0.27,0.27,0.27
1919,42000.0,0.28,0.28,0.28,0.28
1919,44000.0,0.29,0.29,0.29,0.29
1919,46000.0,0.3,0.3,0.3,0.3
1919,48000.0,0.31,0.31,0.31,0.31
1919,50000.0,0.32,0.32,0.32,0.32
1919,52000.0,0.33,0.33,0.33,0.33
1919,54000.0,0.34,0.34,0.34,0.34
1919,56000.0,0.35000000000000003,0.35000000000000003,0.35000000000000003,0.35000000000000003
1919,58000.0,0.36,0.36,0.36,0.36
1919,60000.0,0.37,0.37,0.37,0.37
1919,62000.0,0.38,0.38,0.38,0.38
1919,64000.0,0.39,0.39,0.39,0.39
1919,66000.0,0.4,0.4,0.4,0.4
1919,68000.0,0.41000000000000003,0.41000000000000003,0.41000000000000003,0.41000000000000003
1919,70000.0,0.42,0.42,0.42,0.42
1919,72000.0,0.43,0.43,0.43,0.43
1919,74000.0,0.44,0.44,0.44,0.44
1919,76000.0,0.45,0.45,0.45,0.45
1919,78000.0,0.46,0.46,0.46,0.46
1919,80000.0,0.47000000000000003,0.47000000000000003,0.47000000000000003,0.47000000000000003
1919,82000.0,0.48,0.48,0.48,0.48
1919,84000.0,0.49,0.49,0.49,0.49
1919,86000.0,0.5,0.5,0.5,0.5
1919,88000.0,0.51,0.51,0.51,0.51
1919,90000.0,0.52,0.52,0.52,0.52
1919,92000.0,0.53,0.53,0.53,0.53
1919,94000.0,0.54,0.54,0.54,0.54
1919,96000.0,0.55,0.55,0.55,0.55
1919,98000.0,0.56,0.56,0.56,0.56
1919,100000.0,0.6,0.6,0.6,0.6
1919,150000.0,0.64,0.64,0.64,0.64
1919,200000.0,0.68,0.68,0.68,0.68
1919,300000.0,0.71,0.71,0.71,0.71
1919,500000.0,0.72,0.72,0.72,0.72
1919,1000000.0,0.73,0.73,0.73,0.73
1920,0.0,0.04,0.04,0.04,0.04
1920,4000.0,0.08,0.08,0.08,0.08
1920,5000.0,0.09,0.09,0.09,0.09
1920,6000.0,0.1,0.1,0.1,0.1
1920,8000.0,0.11,0.11,0.11,0.11
1920,10000.0,0.12,0.12,0.12,0.12
1920,12000.0,0.13,0.13,0.13,0.13
1920,14000.0,0.14,0.14,0.14,0.14
1920,16000.0,0.15,0.15,0.15,0.15
1920,18000.0,0.16,0.16,0.16,0.16
1920,20000.0,0.17,0.17,0.17,0.17
1920,22000.0,0.18,0.18,0.18,0.18
1920,24000.0,0.19,0.19,0.19,0.19
1920,26000.0,0.2,0.2,0.2,0.2
1920,28000.0,0.21,0.21,0.21,0.21
1920,30000.0,0.22,0.22,0.22,0.22
1920,32000.0,0.23,0.23,0.23,0.23
1920,34000.0,0.24,0.24,0.24,0.24
1920,36000.0,0.25,0.25,0.25,0.25
1920,38000.0,0.26,0.26,0.26,0.26
1920,40000.0,0.27,0.27,0.27,0.27
1920,42000.0,0.28,0.28,0.28,0.28
1920,44000.0,0.29,0.29,0.29,0.29
1920,46000.0,0.3,0.3,0.3,0.3
1920,48000.0,0.31,0.31,0.31,0.31
1920,50000.0,0.32,0.32,0.32,0.32
1920,52000.0,0.33,0.33,0.33,0.33
1920,54000.0,0.34,0.34,0.34,0.34
1920,56000.0,0.35000000000000003,0.35000000000000003,0.35000000000000003,0.35000000000000003
1920,58000.0,0.36,0.36,0.36,0.36
1920,60000.0,0.37,0.37,0.37,0.37
1920,62000.0,0.38,0.38,0.38,0.38
1920,64000.0,0.39,0.39,0.39,0.39
1920,66000.0,0.4,0.4,0.4,0.4
1920,68000.0,0.41000000000000003,0.41000000000000003,0.41000000000000003,0.41000000000000003
1920,70000.0,0.42,0.42,0.42,0.42
1920,72000.0,0.43,0.43,0.43,0.43
1920,74000.0,0.44,0.44,0.44,0.44
1920,76000.0,0.45,0.45,0.45,0.45
1920,78000.0,0.46,0.46,0.46,0.46
1920,80000.0,0.47000000000000003,0.47000000000000003,0.47000000000000003,0.47000000000000003
1920,82000.0,0.48,0.48,0.48,0.48
1920,84000.0,0.49,0.49,0.49,0.49
1920,86000.0,0.5,0.5,0.5,0.5
1920,88000.0,0.51,0.51,0.51,0.51
1920,90000.0,0.52,0.52,0.52,0.52
1920,92000.0,0.53,0.53,0.53,0.53
1920,94000.0,0.54,0.54,0.54,0.54
1920,96000.0,0.55,0.55,0.55,0.55
1920,98000.0,0.56,0.56,0.56,0.56
1920,100000.0,0.6,0.6,0.6,0.6
1920,150000.0,0.64,0.64,0.64,0.64
1920,200000.0,0.68,0.68,0.68,0.68
1920,300000.0,0.71,0.71,0.71,0.71
1920,500000.0,0.72,0.72,0.72,0.72
1920,1000000.0,0.73,0.73,0.73,0.73
1921,0.0,0.04,0.04,0.04,0.04
1921,4000.0,0.08,0.08,0.08,0.08
1921,5000.0,0.09,0.09,0.09,0.09
1921,6000.0,0.1,0.1,0.1,0.1
1921,8000.0,0.11,0.11,0.11,0.11
1921,10000.0,0.12,0.12,0.12,0.12
1921,12000.0,0.13,0.13,0.13,0.13
1921,14000.0,0.14,0.14,0.14,0.14
1921,16000.0,0.15,0.15,0.15,0.15
1921,18000.0,0.16,0.16,0.16,0.16
1921,20000.0,0.17,0.17,0.17,0.17
1921,22000.0,0.18,0.18,0.18,0.18
1921,24000.0,0.19,0.19,0.19,0.19
1921,26000.0,0.2,0.2,0.2,0.2
1921,28000.0,0.21,0.21,0.21,0.21
1921,30000.0,0.22,0.22,0.22,0.22
1921,32000.0,0.23,0.23,0.23,0.23
1921,34000.0,0.24,0.24,0.24,0.24
1921,36000.0,0.25,0.25,0.25,0.25
1921,38000.0,0.26,0.26,0.26,0.26
1921,40000.0,0.27,0.27,0.27,0.27
1921,42000.0,0.28,0.28,0.28,0.28
1921,44000.0,0.29,0.29,0.29,0.29
1921,46000.0,0.3,0.3,0.3,0.3
1921,48000.0,0.31,0.31,0.31,0.31
1921,50000.0,0.32,0.32,0.32,0.32
1921,52000.0,0.33,0.33,0.33,0.33
1921,54000.0,0.34,0.34,0.34,0.34
1921,56000.0,0.35000000000000003,0.35000000000000003,0.35000000000000003,0.35000000000000003
1921,58000.0,0.36,0.36,0.36,0.36
1921,60000.0,0.37,0.37,0.37,0.37
1921,62000.0,0.38,0.38,0.38,0.38
1921,64000.0,0.39,0.39,0.39,0.39
1921,66000.0,0.4,0.4,0.4,0.4
1921,68000.0,0.41000000000000003,0.41000000000000003,0.41000000000000003,0.41000000000000003
1921,70000.0,0.42,0.42,0.42,0.42
1921,72000.0,0.43,0.43,0.43,0.43
1921,74000.0,0.44,0.44,0.44,0.44
1921,76000.0,0.45,0.45,0.45,0.45
1921,78000.0,0.46,0.46,0.46,0.46
1921,80000.0,0.47000000000000003,0.47000000000000003,0.47000000000000003,0.47000000000000003
1921,82000.0,0.48,0.48,0.48,0.48
1921,84000.0,0.49,0.49,0.49,0.49
1921,86000.0,0.5,0.5,0.5,0.5
1921,88000.0,0.51,0.51,0.51,0.51
1921,90000.0,0.52,0.52,0.52,0.52
1921,92000.0,0.53,0.53,0.53,0.53
1921,94000.0,0.54,0.54,0.54,0.54
1921,96000.0,0.55,0.55,0.55,0.55
1921,98000.0,0.56,0.56,0.56,0.56
1921,100000.0,0.6,0.6,0.6,0.6
1921,150000.0,0.64,0.64,0.64,0.64
1921,200000.0,0.68,0.68,0.68,0.68
1921,300000.0,0.71,0.71,0.71,0.71
1921,500000.0,0.72,0.72,0.72,0.72
1921,1000000.0,0.73,0.73,0.73,0.73
1922,0.0,0.04,0.04,0.04,0.04
1922,4000.0,0.08,0.08,0.08,0.08
1922,6000.0,0.09,0.09,0.09,0.09
1922,10000.0,0.1,0.1,0.1,0.1
1922,12000.0,0.11,0.11,0.11,0.11
1922,14000.0,0.12,0.12,0.12,0.12
1922,16000.0,0.13,0.13,0.13,0.13
1922,18000.0,0.14,0.14,0.14,0.14
1922,20000.0,0.16,0.16,0.16,0.16
1922,22000.0,0.17,0.17,0.17,0.17
1922,24000.0,0.18,0.18,0.18,0.18
1922,26000.0,0.19,0.19,0.19,0.19
1922,28000.0,0.2,0.2,0.2,0.2
1922,30000.0,0.21,0.21,0.21,0.21
1922,32000.0,0.23,0.23,0.23,0.23
1922,36000.0,0.24,0.24,0.24,0.24
1922,38000.0,0.25,0.25,0.25,0.25
1922,40000.0,0.26,0.26,0.26,0.26
1922,42000.0,0.27,0.27,0.27,0.27
1922,44000.0,0.28,0.28,0.28,0.28
1922,46000.0,0.29,0.29,0.29,0.29
1922,48000.0,0.3,0.3,0.3,0.3
1922,50000.0,0.31,0.31,0.31,0.31
1922,52000.0,0.32,0.32,0.32,0.32
1922,54000.0,0.33,0.33,0.33,0.33
1922,56000.0,0.34,0.34,0.34,0.34
1922,58000.0,0.35000000000000003,0.35000000000000003,0.35000000000000003,0.35000000000000003
1922,60000.0,0.36,0.36,0.36,0.36
1922,62000.0,0.37,0.37,0.37,0.37
1922,64000.0,0.38,0.38,0.38,0.38
1922,66000.0,0.39,0.39,0.39,0.39
1922,68000.0,0.4,0.4,0.4,0.4
1922,70000.0,0.41000000000000003,0.41000000000000003,0.41000000000000003,0.41000000000000003
1922,72000.0,0.42,0.42,0.42,0.42
1922,74000.0,0.43,0.43,0.43,0.43
1922,76000.0,0.44,0.44,0.44,0.44
1922,78000.0,0.45,0.45,0.45,0.45
1922,80000.0,0.46,0.46,0.46,0.46
1922,82000.0,0.47000000000000003,0.47000000000000003,0.47000000000000003,0.47000000000000003
1922,84000.0,0.48,0.48,0.48,0.48
1922,86000.0,0.49,0.49,0.49,0.49
1922,88000.0,0.5,0.5,0.5,0.5
1922,90000.0,0.51,0.51,0.51,0.51
1922,92000.0,0.52,0.52,0.52,0.52
1922,94000.0,0.53,0.53,0.53,0.53
1922,96000.0,0.54,0.54,0.54,0.54
1922,98000.0,0.55,0.55,0.55,0.55
1922,100000.0,0.56,0.56,0.56,0.56
1922,150000.0,0.5700000000000001,0.5700000000000001,0.5700000000000001,0.5700000000000001
1922,200000.0,0.58,0.58,0.58,0.58
1923,0.0,0.04,0.04,0.04,0.04
1923,4000.0,0.08,0.08,0.08,0.08
1923,6000.0,0.09,0.09,0.09,0.09
1923,10000.0,0.1,0.1,0.1,0.1
1923,12000.0,0.11,0.11,0.11,0.11
1923,14000.0,0.12,0.12,0.12,0.12
1923,16000.0,0.13,0.13,0.13,0.13
1923,18000.0,0.14,0.14,0.14,0.14
1923,20000.0,0.16,0.16,0.16,0.16
1923,22000.0,0.17,0.17,0.17,0.17
1923,24000.0,0.18,0.18,0.18,0.18
1923,26000.0,0.19,0.19,0.19,0.19
1923,28000.0,0.2,0.2,0.2,0.2
1923,30000.0,0.21,0.21,0.21,0.21
1923,32000.0,0.23,0.23,0.23,0.23
1923,36000.0,0.24,0.24,0.24,0.24
1923,38000.0,0.25,0.25,0.25,0.25
1923,40000.0,0.26,0.26,0.26,0.26
1923,42000.0,0.27,0.27,0.27,0.27
1923,44000.0,0.28,0.28,0.28,0.28
1923,46000.0,0.29,0.29,0.29,0.29
1923,48000.0,0.3,0.3,0.3,0.3
1923,50000.0,0.31,0.31,0.31,0.31
1923,52000.0,0.32,0.32,0.32,0.32
1923,54000.0,0.33,0.33,0.33,0.33
1923,56000.0,0.34,0.34,0.34,0.34
1923,58000.0,0.35000000000000003,0.35000000000000003,0.35000000000000003,0.35000000000000003
1923,60000.0,0.36,0.36,0.36,0.36
1923,62000.0,0.37,0.37,0.37,0.37
1923,64000.0,0.38,0.38,0.38,0.38
1923,66000.0,0.39,0.39,0.39,0.39
1923,68000.0,0.4,0.4,0.4,0.4
1923,70000.0,0.41000000000000003,0.41000000000000003,0.41000000000000003,0.41000000000000003
1923,72000.0,0.42,0.42,0.42,0.42
1923,74000.0,0.43,0.43,0.43,0.43
1923,76000.0,0.44,0.44,0.44,0.44
1923,78000.0,0.45,0.45,0.45,0.45
1923,80000.0,0.46,0.46,0.46,0.46
1923,82000.0,0.47000000000000003,0.47000000000000003,0.47000000000000003,0.47000000000000003
1923,84000.0,0.48,0.48,0.48,0.48
1923,86000.0,0.49,0.49,0.49,0.49
1923,88000.0,0.5,0.5,0.5,0.5
1923,90000.0,0.51,0.51,0.51,0.51
1923,92000.0,0.52,0.52,0.52,0.52
1923,94000.0,0.53,0.53,0.53,0.53
1923,96000.0,0.54,0.54,0.54,0.54
1923,98000.0,0.55,0.55,0.55,0.55
1923,100000.0,0.56,0.56,0.56,0.56
1923,150000.0,0.5700000000000001,0.5700000000000001,0.5700000000000001,0.5700000000000001
1923,200000.0,0.58,0.58,0.58,0.58
1924,0.0,0.02,0.02,0.02,0.02
1924,4000.0,0.04,0.04,0.04,0.04
1924,8000.0,0.06,0.06,0.06,0.06
1924,10000.0,0.07,0.07,0.07,0.07
1924,14000.0,0.08,0.08,0.08,0.08
1924,16000.0,0.09,0.09,0.09,0.09
1924,18000.0,0.1,0.1,0.1,0.1
1924,20000.0,0.11,0.11,0.11,0.11
1924,22000.0,0.12,0.12,0.12,0.12
1924,24000.0,0.13,0.13,0.13,0.13
1924,26000.0,0.14,0.14,0.14,0.14
1924,28000.0,0.15,0.15,0.15,0.15
1924,30000.0,0.16,0.16,0.16,0.16
1924,34000.0,0.17,0.17,0.17,0.17
1924,36000.0,0.18,0.18,0.18,0.18
1924,38000.0,0.19,0.19,0.19,0.19
1924,42000.0,0.2,0.2,0.2,0.2
1924,44000.0,0.21,0.21,0.21,0.21
1924,46000.0,0.22,0.22,0.22,0.22
1924,48000.0,0.23,0.23,0.23,0.23
1924,50000.0,0.24,0.24,0.24,0.24
1924,52000.0,0.25,0.25,0.25,0.25
1924,56000.0,0.26,0.26,0.26,0.26
1924,58000.0,0.27,0.27,0.27,0.27
1924,62000.0,0.28,0.28,0.28,0.28
1924,64000.0,0.29,0.29,0.29,0.29
1924,66000.0,0.3,0.3,0.3,0.3
1924,68000.0,0.31,0.31,0.31,0.31
1924,70000.0,0.32,0.32,0.32,0.32
1924,74000.0,0.33,0.33,0.33,0.33
1924,76000.0,0.34,0.34,0.34,0.34
1924,80000.0,0.35000000000000003,0.35000000000000003,0.35000000000000003,0.35000000000000003
1924,82000.0,0.36,0.36,0.36,0.36
1924,84000.0,0.37,0.37,0.37,0.37
1924,88000.0,0.38,0.38,0.38,0.38
1924,90000.0,0.39,0.39,0.39,0.39
1924,92000.0,0.4,0.4,0.4,0.4
1924,94000.0,0.41000000000000003,0.41000000000000003,0.41000000000000003,0.41000000000000003
1924,96000.0,0.42,0.42,0.42,0.42
1924,100000.0,0.43,0.43,0.43,0.43
1924,200000.0,0.44,0.44,0.44,0.44
1924,300000.0,0.45,0.45,0.45,0.45
1924,500000.0,0.46,0.46,0.46,0.46
1925,0.0,0.015,0.015,0.015,0.015
1925,4000.0,0.03,0.03,0.03,0.03
1925,8000.0,0.05,0.05,0.05,0.05
1925,10000.0,0.06,0.06,0.06,0.06
1925,14000.0,0.07,0.07,0.07,0.07
1925,16000.0,0.08,0.08,0.08,0.08
1925,18000.0,0.09,0.09,0.09,0.09
1925,20000.0,0.1,0.1,0.1,0.1
1925,22000.0,0.11,0.11,0.11,0.11
1925,24000.0,0.12,0.12,0.12,0.12
1925,28000.0,0.13,0.13,0.13,0.13
1925,32000.0,0.14,0.14,0.14,0.14
1925,36000.0,0.15,0.15,0.15,0.15
1925,40000.0,0.16,0.16,0.16,0.16
1925,44000.0,0.17,0.17,0.17,0.17
1925,48000.0,0.18,0.18,0.18,0.18
1925,52000.0,0.19,0.19,0.19,0.19
1925,56000.0,0.2,0.2,0.2,0.2
1925,60000.0,0.21,0.21,0.21,0.21
1925,64000.0,0.22,0.22,0.22,0.22
1925,70000.0,0.23,0.23,0.23,0.23
1925,80000.0,0.24,0.24,0.24,0.24
1925,100000.0,0.25,0.25,0.25,0.25
1926,0.0,0.015,0.015,0.015,0.015
1926,4000.0,0.03,0.03,0.03,0.03
1926,8000.0,0.05,0.05,0.05,0.05
1926,10000.0,0.06,0.06,0.06,0.06
1926,14000.0,0.07,0.07,0.07,0.07
1926,16000.0,0.08,0.08,0.08,0.08
1926,18000.0,0.09,0.09,0.09,0.09
1926,20000.0,0.1,0.1,0.1,0.1
1926,22000.0,0.11,0.11,0.11,0.11
1926,24000.0,0.12,0.12,0.12,0.12
1926,28000.0,0.13,0.13,0.13,0.13
1926,32000.0,0.14,0.14,0.14,0.14
1926,36000.0,0.15,0.15,0.15,0.15
1926,40000.0,0.16,0.16,0.16,0.16
1926,44000.0,0.17,0.17,0.17,0.17
1926,48000.0,0.18,0.18,0.18,0.18
1926,52000.0,0.19,0.19,0.19,0.19
1926,56000.0,0.2,0.2,0.2,0.2
1926,60000.0,0.21,0.21,0.21,0.21
1926,64000.0,0.22,0.22,0.22,0.22
1926,70000.0,0.23,0.23,0.23,0.23
1926,80000.0,0.24,0.24,0.24,0.24
1926,100000.0,0.25,0.25,0.25,0.25
1927,0.0,0.015,0.015,0.015,0.015
1927,4000.0,0.03,0.03,0.03,0.03
1927,8000.0,0.05,0.05,0.05,0.05
1927,10000.0,0.06,0.06,0.06,0.06
1927,14000.0,0.07,0.07,0.07,0.07
1927,16000.0,0.08,0.08,0.08,0.08
1927,18000.0,0.09,0.09,0.09,0.09
1927,20000.0,0.1,0.1,0.1,0.1
1927,22000.0,0.11,0.11,0.11,0.11
1927,24000.0,0.12,0.12,0.12,0.12
1927,28000.0,0.13,0.13,0.13,0.13
1927,32000.0,0.14,0.14,0.14,0.14
1927,36000.0,0.15,0.15,0.15,0.15
1927,40000.0,0.16,0.16,0.16,0.16
1927,44000.0,0.17,0.17,0.17,0.17
1927,48000.0,0.18,0.18,0.18,0.18
1927,52000.0,0.19,0.19,0.19,0.19
1927,56000.0,0.2,0.2,0.2,0.2
1927,60000.0,0.21,0.21,0.21,0.21
1927,64000.0,0.22,0.22,0.22,0.22
1927,70000.0,0.23,0.23,0.23,0.23
1927,80000.0,0.24,0.24,0.24,0.24
1927,100000.0,0.25,0.25,0.25,0.25
1928,0.0,0.015,0.015,0.015,0.015
1928,4000.0,0.03,0.03,0.03,0.03
1928,8000.0,0.05,0.05,0.05,0.05
1928,10000.0,0.06,0.06,0.06,0.06
1928,14000.0,0.07,0.07,0.07,0.07
1928,16000.0,0.08,0.08,0.08,0.08
1928,18000.0,0.09,0.09,0.09,0.09
1928,20000.0,0.1,0.1,0.1,0.1
1928,22000.0,0.11,0.11,0.11,0.11
1928,24000.0,0.12,0.12,0.12,0.12
1928,28000.0,0.13,0.13,0.13,0.13
1928,32000.0,0.14,0.14,0.14,0.14
1928,36000.0,0.15,0.15,0.15,0.15
1928,40000.0,0.16,0.16,0.16,0.16
1928,44000.0,0.17,0.17,0.17,0.17
1928,48000.0,0.18,0.18,0.18,0.18
1928,52000.0,0.19,0.19,0.19,0.19
1928,56000.0,0.2,0.2,0.2,0.2
1928,60000.0,0.21,0.21,0.21,0.21
1928,64000.0,0.22,0.22,0.22,0.22
1928,70000.0,0.23,0.23,0.23,0.23
1928,80000.0,0.24,0.24,0.24,0.24
1928,100000.0,0.25,0.25,0.25,0.25
1929,0.0,0.015,0.015,0.015,0.015
1929,4000.0,0.03,0.03,0.03,0.03
1929,8000.0,0.05,0.05,0.05,0.05
1929,10000.0,0.06,0.06,0.06,0.06
1929,14000.0,0.07,0.07,0.07,0.07
1929,16000.0,0.08,0.08,0.08,0.08
1929,18000.0,0.09,0.09,0.09,0.09
1929,20000.0,0.1,0.1,0.1,0.1
1929,22000.0,0.11,0.11,0.11,0.11
1929,24000.0,0.12,0.12,0.12,0.12
1929,28000.0,0.13,0.13,0.13,0.13
1929,32000.0,0.14,0.14,0.14,0.14
1929,36000.0,0.15,0.15,0.15,0.15
1929,40000.0,0.16,0.16,0.16,0.16
1929,44000.0,0.17,0.17,0.17,0.17
1929,48000.0,0.18,0.18,0.18,0.18
1929,52000.0,0.19,0.19,0.19,0.19
1929,56000.0,0.2,0.2,0.2,0.2
1929,60000.0,0.21,0.21,0.21,0.21
1929,64000.0,0.22,0.22,0.22,0.22
1929,70000.0,0.23,0.23,0.23,0.23
1929,80000.0,0.24,0.24,0.24,0.24
1929,100000.0,0.25,0.25,0.25,0.25
1930,0.0,0.015,0.015,0.015,0.015
1930,4000.0,0.03,0.03,0.03,0.03
1930,8000.0,0.05,0.05,0.05,0.05
1930,10000.0,0.06,0.06,0.06,0.06
1930,14000.0,0.07,0.07,0.07,0.07
1930,16000.0,0.08,0.08,0.08,0.08
1930,18000.0,0.09,0.09,0.09,0.09
1930,20000.0,0.1,0.1,0.1,0.1
1930,22000.0,0.11,0.11,0.11,0.11
1930,24000.0,0.12,0.12,0.12,0.12
1930,28000.0,0.13,0.13,0.13,0.13
1930,32000.0,0.14,0.14,0.14,0.14
1930,36000.0,0.15,0.15,0.15,0.15
1930,40000.0,0.16,0.16,0.16,0.16
1930,44000.0,0.17,0.17,0.17,0.17
1930,48000.0,0.18,0.18,0.18,0.18
1930,52000.0,0.19,0.19,0.19,0.19
1930,56000.0,0.2,0.2,0.2,0.2
1930,60000.0,0.21,0.21,0.21,0.21
1930,64000.0,0.22,0.22,0.22,0.22
1930,70000.0,0.23,0.23,0.23,0.23
1930,80000.0,0.24,0.24,0.24,0.24
1930,100000.0,0.25,0.25,0.25,0.25
1931,0.0,0.015,0.015,0.015,0.015
1931,4000.0,0.03,0.03,0.03,0.03
1931,8000.0,0.05,0.05,0.05,0.05
1931,10000.0,0.06,0.06,0.06,0.06
1931,14000.0,0.07,0.07,0.07,0.07
1931,16000.0,0.08,0.08,0.08,0.08
1931,18000.0,0.09,0.09,0.09,0.09
1931,20000.0,0.1,0.1,0.1,0.1
1931,22000.0,0.11,0.11,0.11,0.11
1931,24000.0,0.12,0.12,0.12,0.12
1931,28000.0,0.13,0.13,0.13,0.13
1931,32000.0,0.14,0.14,0.14,0.14
1931,36000.0,0.15,0.15,0.15,0.15
1931,40000.0,0.16,0.16,0.16,0.16
1931,44000.0,0.17,0.17,0.17,0.17
1931,48000.0,0.18,0.18,0.18,0.18
1931,52000.0,0.19,0.19,0.19,0.19
1931,56000.0,0.2,0.2,0.2,0.2
1931,60000.0,0.21,0.21,0.21,0.21
1931,64000.0,0.22,0.22,0.22,0.22
1931,70000.0,0.23,0.23,0.23,0.23
1931,80000.0,0.24,0.24,0.24,0.24
1931,100000.0,0.25,0.25,0.25,0.25
1932,0.0,0.04,0.04,0.04,0.04
1932,4000.0,0.08,0.08,0.08,0.08
1932,6000.0,0.09,0.09,0.09,0.09
1932,10000.0,0.1,0.1,0.1,0.1
1932,12000.0,0.11,0.11,0.11,0.11
1932,14000.0,0.12,0.12,0.12,0.12
1932,16000.0,0.13,0.13,0.13,0.13
1932,18000.0,0.14,0.14,0.14,0.14
1932,20000.0,0.16,0.16,0.16,0.16
1932,22000.0,0.17,0.17,0.17,0.17
1932,24000.0,0.18,0.18,0.18,0.18
1932,26000.0,0.19,0.19,0.19,0.19
1932,28000.0,0.2,0.2,0.2,0.2
1932,30000.0,0.21,0.21,0.21,0.21
1932,32000.0,0.23,0.23,0.23,0.23
1932,36000.0,0.24,0.24,0.24,0.24
1932,38000.0,0.25,0.25,0.25,0.25
1932,40000.0,0.26,0.26,0.26,0.26
1932,42000.0,0.27,0.27,0.27,0.27
1932,44000.0,0.28,0.28,0.28,0.28
1932,46000.0,0.29,0.29,0.29,0.29
1932,48000.0,0.3,0.3,0.3,0.3
1932,50000.0,0.31,0.31,0.31,0.31
1932,52000.0,0.32,0.32,0.32,0.32
1932,54000.0,0.33,0.33,0.33,0.33
1932,56000.0,0.34,0.34,0.34,0.34
1932,58000.0,0.35000000000000003,0.35000000000000003,0.35000000000000003,0.35000000000000003
1932,60000.0,0.36,0.36,0.36,0.36
1932,62000.0,0.37,0.37,0.37,0.37
1932,64000.0,0.38,0.38,0.38,0.38
1932,66000.0,0.39,0.39,0.39,0.39
1932,68000.0,0.4,0.4,0.4,0.4
1932,70000.0,0.41000000000000003,0.41000000000000003,0.41000000000000003,0.41000000000000003
1932,72000.0,0.42,0.42,0.42,0.42
1932,74000.0,0.43,0.43,0.43,0.43
1932,76000.0,0.44,0.44,0.44,0.44
1932,78000.0,0.45,0.45,0.45,0.45
1932,80000.0,0.46,0.46,0.46,0.46
1932,82000.0,0.47000000000000003,0.47000000000000003,0.47000000000000003,0.47000000000000003
1932,84000.0,0.48,0.48,0.48,0.48
1932,86000.0,0.49,0.49,0.49,0.49
1932,88000.0,0.5,0.5,0.5,0.5
1932,90000.0,0.51,0.51,0.51,0.51
1932,92000.0,0.52,0.52,0.52,0.52
1932,94000.0,0.53,0.53,0.53,0.53
1932,96000.0,0.54,0.54,0.54,0.54
1932,98000.0,0.55,0.55,0.55,0.55
1932,100000.0,0.56,0.56,0.56,0.56
1932,150000.0,0.5700000000000001,0.5700000000000001,0.5700000000000001,0.5700000000000001
1932,200000.0,0.58,0.58,0.58,0.58
1932,300000.0,0.59,0.59,0.59,0.59
1932,400000.0,0.6,0.6,0.6,0.6
1932,500000.0,0.61,0.61,0.61,0.61
1932,750000.0,0.62,0.62,0.62,0.62
1932,1000000.0,0.63,0.63,0.63,0.63
1933,0.0,0.04,0.04,0.04,0.04
1933,4000.0,0.08,0.08,0.08,0.08
1933,6000.0,0.09,0.09,0.09,0.09
1933,10000.0,0.1,0.1,0.1,0.1
1933,12000.0,0.11,0.11,0.11,0.11
1933,14000.0,0.12,0.12,0.12,0.12
1933,16000.0,0.13,0.13,0.13,0.13
1933,18000.0,0.14,0.14,0.14,0.14
1933,20000.0,0.16,0.16,0.16,0.16
1933,22000.0,0.17,0.17,0.17,0.17
1933,24000.0,0.18,0.18,0.18,0.18
1933,26000.0,0.19,0.19,0.19,0.19
1933,28000.0,0.2,0.2,0.2,0.2
1933,30000.0,0.21,0.21,0.21,0.21
1933,32000.0,0.23,0.23,0.23,0.23
1933,36000.0,0.24,0.24,0.24,0.24
1933,38000.0,0.25,0.25,0.25,0.25
1933,40000.0,0.26,0.26,0.26,0.26
1933,42000.0,0.27,0.27,0.27,0.27
1933,44000.0,0.28,0.28,0.28,0.28
1933,46000.0,0.29,0.29,0.29,0.29
1933,48000.0,0.3,0.3,0.3,0.3
1933,50000.0,0.31,0.31,0.31,0.31
1933,52000.0,0.32,0.32,0.32,0.32
1933,54000.0,0.33,0.33,0.33,0.33
1933,56000.0,0.34,0.34,0.34,0.34
1933,58000.0,0.35000000000000003,0.35000000000000003,0.35000000000000003,0.35000000000000003
1933,60000.0,0.36,0.36,0.36,0.36
1933,62000.0,0.37,0.37,0.37,0.37
1933,64000.0,0.38,0.38,0.38,0.38
1933,66000.0,0.39,0.39,0.39,0.39
1933,68000.0,0.4,0.4,0.4,0.4
1933,70000.0,0.41000000000000003,0.41000000000000003,0.41000000000000003,0.41000000000000003
1933,72000.0,0.42,0.42,0.42,0.42
1933,74000.0,0.43,0.43,0.43,0.43
1933,76000.0,0.44,0.44,0.44,0.44
1933,78000.0,0.45,0.45,0.45,0.45
1933,80000.0,0.46,0.46,0.46,0.46
1933,82000.0,0.47000000000000003,0.47000000000000003,0.47000000000000003,0.47000000000000003
1933,84000.0,0.48,0.48,0.48,0.48
1933,86000.0,0.49,0.49,0.49,0.49
1933,88000.0,0.5,0.5,0.5,0.5
1933,90000.0,0.51,0.51,0.51,0.51
1933,92000.0,0.52,0.52,0.52,0.52
1933,94000.0,0.53,0.53,0.53,0.53
1933,96000.0,0.54,0.54,0.54,0.54
1933,98000.0,0.55,0.55,0.55,0.55
1933,100000.0,0.56,0.56,0.56,0.56
1933,150000.0,0.5700000000000001,0.5700000000000001,0.5700000000000001,0.5700000000000001
1933,200000.0,0.58,0.58,0.58,0.58
1933,300000.0,0.59,0.59,0.59,0.59
1933,400000.0,0.6,0.6,0.6,0.6
1933,500000.0,0.61,0.61,0.61,0.61
1933,750000.0,0.62,0.62,0.62,0.62
1933,1000000.0,0.63,0.63,0.63,0.63
1934,0.0,0.04,0.04,0.04,0.04
1934,4000.0,0.08,0.08,0.08,0.08
1934,6000.0,0.09,0.09,0.09,0.09
1934,8000.0,0.1,0.1,0.1,0.1
1934,10000.0,0.11,0.11,0.11,0.11
1934,12000.0,0.12,0.12,0.12,0.12
1934,14000.0,0.13,0.13,0.13,0.13
1934,16000.0,0.15,0.15,0.15,0.15
1934,18000.0,0.17,0.17,0.17,0.17
1934,20000.0,0.19,0.19,0.19,0.19
1934,22000.0,0.21,0.21,0.21,0.21
1934,26000.0,0.23,0.23,0.23,0.23
1934,32000.0,0.25,0.25,0.25,0.25
1934,38000.0,0.28,0.28,0.28,0.28
1934,44000.0,0.31,0.31,0.31,0.31
1934,50000.0,0.34,0.34,0.34,0.34
1934,56000.0,0.37,0.37,0.37,0.37
1934,62000.0,0.4,0.4,0.4,0.4
1934,68000.0,0.43,0.43,0.43,0.43
1934,74000.0,0.46,0.46,0.46,0.46
1934,80000.0,0.49,0.49,0.49,0.49
1934,90000.0,0.54,0.54,0.54,0.54
1934,100000.0,0.56,0.56,0.56,0.56
1934,150000.0,0.5700000000000001,0.5700000000000001,0.5700000000000001,0.5700000000000001
1934,200000.0,0.58,0.58,0.58,0.58
1934,300000.0,0.59,0.59,0.59,0.59
1934,400000.0,0.6,0.6,0.6,0.6
1934,500000.0,0.61,0.61,0.61,0.61
1934,750000.0,0.62,0.62,0.62,0.62
1934,1000000.0,0.63,0.63,0.63,0.63
1935,0.0,0.04,0.04,0.04,0.04
1935,4000.0,0.08,0.08,0.08,0.08
1935,6000.0,0.09,0.09,0.09,0.09
1935,8000.0,0.1,0.1,0.1,0.1
1935,10000.0,0.11,0.11,0.11,0.11
1935,12000.0,0.12,0.12,0.12,0.12
1935,14000.0,0.13,0.13,0.13,0.13
1935,16000.0,0.15,0.15,0.15,0.15
1935,18000.0,0.17,0.17,0.17,0.17
1935,20000.0,0.19,0.19,0.19,0.19
1935,22000.0,0.21,0.21,0.21,0.21
1935,26000.0,0.23,0.23,0.23,0.23
1935,32000.0,0.25,0.25,0.25,0.25
1935,38000.0,0.28,0.28,0.28,0.28
1935,44000.0,0.31,0.31,0.31,0.31
1935,50000.0,0.34,0.34,0.34,0.34
1935,56000.0,0.37,0.37,0.37,0.37
1935,62000.0,0.4,0.4,0.4,0.4
1935,68000.0,0.43,0.43,0.43,0.43
1935,74000.0,0.46,0.46,0.46,0.46
1935,80000.0,0.49,0.49,0.49,0.49
1935,90000.0,0.54,0.54,0.54,0.54
1935,100000.0,0.56,0.56,0.56,0.56
1935,150000.0,0.5700000000000001,0.5700000000000001,0.5700000000000001,0.5700000000000001
1935,200000.0,0.58,0.58,0.58,0.58
1935,300000.0,0.59,0.59,0.59,0.59
1935,400000.0,0.6,0.6,0.6,0.6
1935,500000.0,0.61,0.61,0.61,0.61
1935,750000.0,0.62,0.62,0.62,0.62
1935,1000000.0,0.63,0.63,0.63,0.63
1936,0.0,0.04,0.04,0.04,0.04
1936,4000.0,0.08,0.08,0.08,0.08
1936,6000.0,0.09,0.09,0.09,0.09
1936,8000.0,0.1,0.1,0.1,0.1
1936,10000.0,0.11,0.11,0.11,0.11
1936,12000.0,0.12,0.12,0.12,0.12
1936,14000.0,0.13,0.13,0.13,0.13
1936,16000.0,0.15,0.15,0.15,0.15
1936,18000.0,0.17,0.17,0.17,0.17
1936,20000.0,0.19,0.19,0.19,0.19
1936,22000.0,0.21,0.21,0.21,0.21
1936,26000.0,0.23,0.23,0.23,0.23
1936,32000.0,0.25,0.25,0.25,0.25
1936,38000.0,0.28,0.28,0.28,0.28
1936,44000.0,0.31,0.31,0.31,0.31
1936,50000.0,0.35000000000000003,0.35000000000000003,0.35000000000000003,0.35000000000000003
1936,56000.0,0.39,0.39,0.39,0.39
1936,62000.0,0.43,0.43,0.43,0.43
1936,68000.0,0.47000000000000003,0.47000000000000003,0.47000000000000003,0.47000000000000003
1936,74000.0,0.51,0.51,0.51,0.51
1936,80000.0,0.55,0.55,0.55,0.55
1936,90000.0,0.59,0.59,0.59,0.59
1936,100000.0,0.62,0.62,0.62,0.62
1936,150000.0,0.64,0.64,0.64,0.64
1936,200000.0,0.66,0.66,0.66,0.66
1936,250000.0,0.68,0.68,0.68,0.68
1936,300000.0,0.7000000000000001,0.7000000000000001,0.7000000000000001,0.7000000000000001
1936,400000.0,0.72,0.72,0.72,0.72
1936,500000.0,0.74,0.74,0.74,0.74
1936,750000.0,0.76,0.76,0.76,0.76
1936,1000000.0,0.77,0.77,0.77,0.77
1936,2000000.0,0.78,0.78,0.78,0.78
1936,5000000.0,0.79,0.79,0.79,0.79
1937,0.0,0.04,0.04,0.04,0.04
1937,4000.0,0.08,0.08,0.08,0.08
1937,6000.0,0.09,0.09,0.09,0.09
1937,8000.0,0.1,0.1,0.1,0.1
1937,10000.0,0.11,0.11,0.11,0.11
1937,12000.0,0.12,0.12,0.12,0.12
1937,14000.0,0.13,0.13,0.13,0.13
1937,16000.0,0.15,0.15,0.15,0.15
1937,18000.0,0.17,0.17,0.17,0.17
1937,20000.0,0.19,0.19,0.19,0.19
1937,22000.0,0.21,0.21,0.21,0.21
1937,26000.0,0.23,0.23,0.23,0.23
1937,32000.0,0.25,0.25,0.25,0.25
1937,38000.0,0.28,0.28,0.28,0.28
1937,44000.0,0.31,0.31,0.31,0.31
1937,50000.0,0.35000000000000003,0.35000000000000003,0.35000000000000003,0.35000000000000003
1937,56000.0,0.39,0.39,0.39,0.39
1937,62000.0,0.43,0.43,0.43,0.43
1937,68000.0,0.47000000000000003,0.47000000000000003,0.47000000000000003,0.47000000000000003
1937,74000.0,0.51,0.51,0.51,0.51
1937,80000.0,0.55,0.55,0.55,0.55
1937,90000.0,0.59,0.59,0.59,0.59
1937,100000.0,0.62,0.62,0.62,0.62
1937,150000.0,0.64,0.64,0.64,0.64
1937,200000.0,0.66,0.66,0.66,0.66
1937,250000.0,0.68,0.68,0.68,0.68
1937,300000.0,0.7000000000000001,0.7000000000000001,0.7000000000000001,0.7000000000000001
1937,400000.0,0.72,0.72,0.72,0.72
1937,500000.0,0.74,0.74,0.74,0.74
1937,750000.0,0.76,0.76,0.76,0.76
1937,1000000.0,0.77,0.77,0.77,0.77
1937,2000000.0,0.78,0.78,0.78,0.78
1937,5000000.0,0.79,0.79,0.79,0.79
1938,0.0,0.04,0.04,0.04,0.04
1938,4000.0,0.08,0.08,0.08,0.08
1938,6000.0,0.09,0.09,0.09,0.09
1938,8000.0,0.1,0.1,0.1,0.1
1938,10000.0,0.11,0.11,0.11,0.11
1938,12000.0,0.12,0.12,0.12,0.12
1938,14000.0,0.13,0.13,0.13,0.13
1938,16000.0,0.15,0.15,0.15,0.15
1938,18000.0,0.17,0.17,0.17,0.17
1938,20000.0,0.19,0.19,0.19,0.19
1938,22000.0,0.21,0.21,0.21,0.21
1938,26000.0,0.23,0.23,0.23,0.23
1938,32000.0,0.25,0.25,0.25,0.25
1938,38000.0,0.28,0.28,0.28,0.28
1938,44000.0,0.31,0.31,0.31,0.31
1938,50000.0,0.35000000000000003,0.35000000000000003,0.35000000000000003,0.35000000000000003
1938,56000.0,0.39,0.39,0.39,0.39
1938,62000.0,0.43,0.43,0.43,0.43
1938,68000.0,0.47000000000000003,0.47000000000000003,0.47000000000000003,0.47000000000000003
1938,74000.0,0.51,0.51,0.51,0.51
1938,80000.0,0.55,0.55,0.55,0.55
1938,90000.0,0.59,0.59,0.59,0.59
1938,100000.0,0.62,0.62,0.62,0.62
1938,150000.0,0.64,0.64,0.64,0.64
1938,200000.0,0.66,0.66,0.66,0.66
1938,250000.0,0.68,0.68,0.68,0.68
1938,300000.0,0.7000000000000001,0.7000000000000001,0.7000000000000001,0.7000000000000001
1938,400000.0,0.72,0.72,0.72,0.72
1938,500000.0,0.74,0.74,0.74,0.74
1938,750000.0,0.76,0.76,0.76,0.76
1938,1000000.0,0.77,0.77,0.77,0.77
1938,2000000.0,0.78,0.78,0.78,0.78
1938,5000000.0,0.79,0.79,0.79,0.79
1939,0.0,0.04,0.04,0.04,0.04
1939,4000.0,0.08,0.08,0.08,0.08
1939,6000.0,0.09,0.09,0.09,0.09
1939,8000.0,0.1,0.1,0.1,0.1
1939,10000.0,0.11,0.11,0.11,0.11
1939,12000.0,0.12,0.12,0.12,0.12
1939,14000.0,0.13,0.13,0.13,0.13
1939,16000.0,0.15,0.15,0.15,0.15
1939,18000.0,0.17,0.17,0.17,0.17
1939,20000.0,0.19,0.19,0.19,0.19
1939,22000.0,0.21,0.21,0.21,0.21
1939,26000.0,0.23,0.23,0.23,0.23
1939,32000.0,0.25,0.25,0.25,0.25
1939,38000.0,0.28,0.28,0.28,0.28
1939,44000.0,0.31,0.31,0.31,0.31
1939,50000.0,0.35000000000000003,0.35000000000000003,0.35000000000000003,0.35000000000000003
1939,56000.0,0.39,0.39,0.39,0.39
1939,62000.0,0.43,0.43,0.43,0.43
1939,68000.0,0.47000000000000003,0.47000000000000003,0.47000000000000003,0.47000000000000003
1939,74000.0,0.51,0.51,0.51,0.51
1939,80000.0,0.55,0.55,0.55,0.55
1939,90000.0,0.59,0.59,0.59,0.59
1939,100000.0,0.62,0.62,0.62,0.62
1939,150000.0,0.64,0.64,0.64,0.64
1939,200000.0,0.66,0.66,0.66,0.66
1939,250000.0,0.68,0.68,0.68,0.68
1939,300000.0,0.7000000000000001,0.7000000000000001,0.7000000000000001,0.7000000000000001
1939,400000.0,0.72,0.72,0.72,0.72
1939,500000.0,0.74,0.74,0.74,0.74
1939,750000.0,0.76,0.76,0.76,0.76
1939,1000000.0,0.77,0.77,0.77,0.77
1939,2000000.0,0.78,0.78,0.78,0.78
1939,5000000.0,0.79,0.79,0.79,0.79
1940,0.0,0.04,0.04,0.04,0.04
1940,4000.0,0.08,0.08,0.08,0.08
1940,6000.0,0.1,0.1,0.1,0.1
1940,8000.0,0.12,0.12,0.12,0.12
1940,10000.0,0.14,0.14,0.14,0.14
1940,12000.0,0.16,0.16,0.16,0.16
1940,14000.0,0.19,0.19,0.19,0.19
1940,16000.0,0.22,0.22,0.22,0.22
1940,18000.0,0.25,0.25,0.25,0.25
1940,20000.0,0.28,0.28,0.28,0.28
1940,22000.0,0.31,0.31,0.31,0.31
1940,26000.0,0.34,0.34,0.34,0.34
1940,32000.0,0.37,0.37,0.37,0.37
1940,38000.0,0.4,0.4,0.4,0.4
1940,44000.0,0.44,0.44,0.44,0.44
1940,50000.0,0.48,0.48,0.48,0.48
1940,60000.0,0.51,0.51,0.51,0.51
1940,70000.0,0.54,0.54,0.54,0.54
1940,80000.0,0.5700000000000001,0.5700000000000001,0.5700000000000001,0.5700000000000001
1940,90000.0,0.6,0.6,0.6,0.6
1940,100000.0,0.62,0.62,0.62,0.62
1940,150000.0,0.64,0.64,0.64,0.64
1940,200000.0,0.66,0.66,0.66,0.66
1940,250000.0,0.68,0.68,0.68,0.68
1940,300000.0,0.7000000000000001,0.7000000000000001,0.7000000000000001,0.7000000000000001
1940,400000.0,0.72,0.72,0.72,0.72
1940,500000.0,0.74,0.74,0.74,0.74
1940,750000.0,0.76,0.76,0.76,0.76
1940,1000000.0,0.77,0.77,0.77,0.77
1940,2000000.0,0.78,0.78,0.78,0.78
1940,5000000.0,0.79,0.79,0.79,0.79
1941,0.0,0.1,0.1,0.1,0.1
1941,2000.0,0.13,0.13,0.13,0.13
1941,4000.0,0.17,0.17,0.17,0.17
1941,6000.0,0.21,0.21,0.21,0.21
1941,8000.0,0.25,0.25,0.25,0.25
1941,10000.0,0.29,0.29,0.29,0.29
1941,12000.0,0.33,0.33,0.33,0.33
1941,14000.0,0.36,0.36,0.36,0.36
1941,16000.0,0.39,0.39,0.39,0.39
1941,18000.0,0.42,0.42,0.42,0.42
1941,20000.0,0.45,0.45,0.45,0.45
1941,22000.0,0.48,0.48,0.48,0.48
1941,26000.0,0.51,0.51,0.51,0.51
1941,32000.0,0.54,0.54,0.54,0.54
1941,38000.0,0.5700000000000001,0.5700000000000001,0.5700000000000001,0.5700000000000001
1941,44000.0,0.59,0.59,0.59,0.59
1941,50000.0,0.61,0.61,0.61,0.61
1941,60000.0,0.63,0.63,0.63,0.63
1941,70000.0,0.65,0.65,0.65,0.65
1941,80000.0,0.67,0.67,0.67,0.67
1941,90000.0,0.68,0.68,0.68,0.68
1941,100000.0,0.6900000000000001,0.6900000000000001,0.6900000000000001,0.6900000000000001
1941,150000.0,0.7000000000000001,0.7000000000000001,0.7000000000000001,0.7000000000000001
1941,200000.0,0.71,0.71,0.71,0.71
1941,250000.0,0.73,0.73,0.73,0.73
1941,300000.0,0.75,0.75,0.75,0.75
1941,400000.0,0.76,0.76,0.76,0.76
1941,500000.0,0.77,0.77,0.77,0.77
1941,750000.0,0.78,0.78,0.78,0.78
1941,1000000.0,0.79,0.79,0.79,0.79
1941,2000000.0,0.8,0.8,0.8,0.8
1941,5000000.0,0.81,0.81,0.81,0.81
1942,0.0,0.19,0.19,0.19,0.19
1942,2000.0,0.22,0.22,0.22,0.22
1942,4000.0,0.26,0.26,0.26,0.26
1942,6000.0,0.3,0.3,0.3,0.3
1942,8000.0,0.34,0.34,0.34,0.34
1942,10000.0,0.38,0.38,0.38,0.38
1942,12000.0,0.42,0.42,0.42,0.42
1942,14000.0,0.46,0.46,0.46,0.46
1942,16000.0,0.49,0.49,0.49,0.49
1942,18000.0,0.52,0.52,0.52,0.52
1942,20000.0,0.55,0.55,0.55,0.55
1942,22000.0,0.58,0.58,0.58,0.58
1942,26000.0,0.61,0.61,0.61,0.61
1942,32000.0,0.64,0.64,0.64,0.64
1942,38000.0,0.67,0.67,0.67,0.67
1942,44000.0,0.6900000000000001,0.6900000000000001,0.6900000000000001,0.6900000000000001
1942,50000.0,0.72,0.72,0.72,0.72
1942,60000.0,0.75,0.75,0.75,0.75
1942,70000.0,0.78,0.78,0.78,0.78
1942,80000.0,0.81,0.81,0.81,0.81
1942,90000.0,0.8300000000000001,0.8300000000000001,0.8300000000000001,0.8300000000000001
1942,100000.0,0.85,0.85,0.85,0.85
1942,150000.0,0.87,0.87,0.87,0.87
1942,200000.0,0.88,0.88,0.88,0.88
1943,0.0,0.19,0.19,0.19,0.19
1943,2000.0,0.22,0.22,0.22,0.22
1943,4000.0,0.26,0.26,0.26,0.26
1943,6000.0,0.3,0.3,0.3,0.3
1943,8000.0,0.34,0.34,0.34,0.34
1943,10000.0,0.38,0.38,0.38,0.38
1943,12000.0,0.42,0.42,0.42,0.42
1943,14000.0,0.46,0.46,0.46,0.46
1943,16000.0,0.49,0.49,0.49,0.49
1943,18000.0,0.52,0.52,0.52,0.52
1943,20000.0,0.55,0.55,0.55,0.55
1943,22000.0,0.58,0.58,0.58,0.58
1943,26000.0,0.61,0.61,0.61,0.61
1943,32000.0,0.64,0.64,0.64,0.64
1943,38000.0,0.67,0.67,0.67,0.67
1943,44000.0,0.6900000000000001,0.6900000000000001,0.6900000000000001,0.6900000000000001
1943,50000.0,0.72,0.72,0.72,0.72
1943,60000.0,0.75,0.75,0.75,0.75
1943,70000.0,0.78,0.78,0.78,0.78
1943,80000.0,0.81,0.81,0.81,0.81
1943,90000.0,0.8300000000000001,0.8300000000000001,0.8300000000000001,0.8300000000000001
1943,100000.0,0.85,0.85,0.85,0.85
1943,150000.0,0.87,0.87,0.87,0.87
1943,200000.0,0.88,0.88,0.88,0.88
1944,0.0,0.23,0.23,0.23,0.23
1944,2000.0,0.25,0.25,0.25,0.25
1944,4000.0,0.29,0.29,0.29,0.29
1944,6000.0,0.33,0.33,0.33,0.33
1944,8000.0,0.37,0.37,0.37,0.37
1944,10000.0,0.41000000000000003,0.41000000000000003,0.41000000000000003,0.41000000000000003
1944,12000.0,0.46,0.46,0.46,0.46
1944,14000.0,0.5,0.5,0.5,0.5
1944,16000.0,0.53,0.53,0.53,0.53
1944,18000.0,0.56,0.56,0.56,0.56
1944,20000.0,0.59,0.59,0.59,0.59
1944,22000.0,0.62,0.62,0.62,0.62
1944,26000.0,0.65,0.65,0.65,0.65
1944,32000.0,0.68,0.68,0.68,0.68
1944,38000.0,0.72,0.72,0.72,0.72
1944,44000.0,0.75,0.75,0.75,0.75
1944,50000.0,0.78,0.78,0.78,0.78
1944,60000.0,0.81,0.81,0.81,0.81
1944,70000.0,0.84,0.84,0.84,0.84
1944,80000.0,0.87,0.87,0.87,0.87
1944,90000.0,0.9,0.9,0.9,0.9
1944,100000.0,0.92,0.92,0.92,0.92
1944,150000.0,0.93,0.93,0.93,0.93
1944,200000.0,0.9400000000000001,0.9400000000000001,0.9400000000000001,0.9400000000000001
1945,0.0,0.23,0.23,0.23,0.23
1945,2000.0,0.25,0.25,0.25,0.25
1945,4000.0,0.29,0.29,0.29,0.29
1945,6000.0,0.33,0.33,0.33,0.33
1945,8000.0,0.37,0.37,0.37,0.37
1945,10000.0,0.41000000000000003,0.41000000000000003,0.41000000000000003,0.41000000000000003
1945,12000.0,0.46,0.46,0.46,0.46
1945,14000.0,0.5,0.5,0.5,0.5
1945,16000.0,0.53,0.53,0.53,0.53
1945,18000.0,0.56,0.56,0.56,0.56
1945,20000.0,0.59,0.59,0.59,0.59
1945,22000.0,0.62,0.62,0.62,0.62
1945,26000.0,0.65,0.65,0.65,0.65
1945,32000.0,0.68,0.68,0.68,0.68
1945,38000.0,0.72,0.72,0.72,0.72
1945,44000.0,0.75,0.75,0.75,0.75
1945,50000.0,0.78,0.78,0.78,0.78
1945,60000.0,0.81,0.81,0.81,0.81
1945,70000.0,0.84,0.84,0.84,0.84
1945,80000.0,0.87,0.87,0.87,0.87
1945,90000.0,0.9,0.9,0.9,0.9
1945,100000.0,0.92,0.92,0.92,0.92
1945,150000.0,0.93,0.93,0.93,0.93
1945,200000.0,0.9400000000000001,0.9400000000000001,0.9400000000000001,0.9400000000000001
1946,0.0,0.2,0.2,0.2,0.2
1946,2000.0,0.22,0.22,0.22,0.22
1946,4000.0,0.26,0.26,0.26,0.26
1946,6000.0,0.3,0.3,0.3,0.3
1946,8000.0,0.34,0.34,0.34,0.34
1946,10000.0,0.38,0.38,0.38,0.38
1946,12000.0,0.43,0.43,0.43,0.43
1946,14000.0,0.47000000000000003,0.47000000000000003,0.47000000000000003,0.47000000000000003
1946,16000.0,0.5,0.5,0.5,0.5
1946,18000.0,0.53,0.53,0.53,0.53
1946,20000.0,0.56,0.56,0.56,0.56
1946,22000.0,0.59,0.59,0.59,0.59
1946,26000.0,0.62,0.62,0.62,0.62
1946,32000.0,0.65,0.65,0.65,0.65
1946,38000.0,0.6900000000000001,0.6900000000000001,0.6900000000000001,0.6900000000000001
1946,44000.0,0.72,0.72,0.72,0.72
1946,50000.0,0.75,0.75,0.75,0.75
1946,60000.0,0.78,0.78,0.78,0.78
1946,70000.0,0.81,0.81,0.81,0.81
1946,80000.0,0.84,0.84,0.84,0.84
1946,90000.0,0.87,0.87,0.87,0.87
1946,100000.0,0.89,0.89,0.89,0.89
1946,150000.0,0.9,0.9,0.9,0.9
1946,200000.0,0.91,0.91,0.91,0.91
1947,0.0,0.2,0.2,0.2,0.2
1947,2000.0,0.22,0.22,0.22,0.22
1947,4000.0,0.26,0.26,0.26,0.26
1947,6000.0,0.3,0.3,0.3,0.3
1947,8000.0,0.34,0.34,0.34,0.34
1947,10000.0,0.38,0.38,0.38,0.38
1947,12000.0,0.43,0.43,0.43,0.43
1947,14000.0,0.47000000000000003,0.47000000000000003,0.47000000000000003,0.47000000000000003
1947,16000.0,0.5,0.5,0.5,0.5
1947,18000.0,0.53,0.53,0.53,0.53
1947,20000.0,0.56,0.56,0.56,0.56
1947,22000.0,0.59,0.59,0.59,0.59
1947,26000.0,0.62,0.62,0.62,0.62
1947,32000.0,0.65,0.65,0.65,0.65
1947,38000.0,0.6900000000000001,0.6900000000000001,0.6900000000000001,0.6900000000000001
1947,44000.0,0.72,0.72,0.72,0.72
1947,50000.0,0.75,0.75,0.75,0.75
1947,60000.0,0.78,0.78,0.78,0.78
1947,70000.0,0.81,0.81,0.81,0.81
1947,80000.0,0.84,0.84,0.84,0.84
1947,90000.0,0.87,0.87,0.87,0.87
1947,100000.0,0.89,0.89,0.89,0.89
1947,150000.0,0.9,0.9,0.9,0.9
1947,200000.0,0.91,0.91,0.91,0.91
1948,0.0,0.2,0.2,0.2,0.2
1948,2000.0,0.22,0.22,0.22,0.22
1948,4000.0,0.26,0.26,0.26,0.26
1948,6000.0,0.3,0.3,0.3,0.3
1948,8000.0,0.34,0.34,0.34,0.34
1948,10000.0,0.38,0.38,0.38,0.38
1948,12000.0,0.43,0.43,0.43,0.43
1948,14000.0,0.47000000000000003,0.47000000000000003,0.47000000000000003,0.47000000000000003
1948,16000.0,0.5,0.5,0.5,0.5
1948,18000.0,0.53,0.53,0.53,0.53
1948,20000.0,0.56,0.56,0.56,0.56
1948,22000.0,0.59,0.59,0.59,0.59
1948,26000.0,0.62,0.62,0.62,0.62
1948,32000.0,0.65,0.65,0.65,0.65
1948,38000.0,0.6900000000000001,0.6900000000000001,0.6900000000000001,0.6900000000000001
1948,44000.0,0.72,0.72,0.72,0.72
1948,50000.0,0.75,0.75,0.75,0.75
1948,60000.0,0.78,0.78,0.78,0.78
1948,70000.0,0.81,0.81,0.81,0.81
1948,80000.0,0.84,0.84,0.84,0.84
1948,90000.0,0.87,0.87,0.87,0.87
1948,100000.0,0.89,0.89,0.89,0.89
1948,150000.0,0.9,0.9,0.9,0.9
1948,200000.0,0.91,0.91,0.91,0.91
1949,0.0,0.2,0.2,,0.2
1949,2000.0,0.22,0.22,,0.22
1949,4000.0,0.26,0.26,,0.26
1949,6000.0,0.3,0.3,,0.3
1949,8000.0,0.34,0.34,,0.34
1949,10000.0,0.38,0.38,,0.38
1949,12000.0,0.43,0.43,,0.43
1949,14000.0,0.47000000000000003,0.47000000000000003,,0.47000000000000003
1949,16000.0,0.5,0.5,,0.5
1949,18000.0,0.53,0.53,,0.53
1949,20000.0,0.56,0.56,,0.56
1949,22000.0,0.59,0.59,,0.59
1949,26000.0,0.62,0.62,,0.62
1949,32000.0,0.65,0.65,,0.65
1949,38000.0,0.6900000000000001,0.6900000000000001,,0.6900000000000001
1949,44000.0,0.72,0.72,,0.72
1949,50000.0,0.75,0.75,,0.75
1949,60000.0,0.78,0.78,,0.78
1949,70000.0,0.81,0.81,,0.81
1949,80000.0,0.84,0.84,,0.84
1949,90000.0,0.87,0.87,,0.87
1949,100000.0,0.89,0.89,,0.89
1949,150000.0,0.9,0.9,,0.9
1949,200000.0,0.91,0.91,,0.91
1950,0.0,0.2,0.2,,0.2
1950,2000.0,0.22,0.22,,0.22
1950,4000.0,0.26,0.26,,0.26
1950,6000.0,0.3,0.3,,0.3
1950,8000.0,0.34,0.34,,0.34
1950,10000.0,0.38,0.38,,0.38
1950,12000.0,0.43,0.43,,0.43
1950,14000.0,0.47000000000000003,0.47000000000000003,,0.47000000000000003
1950,16000.0,0.5,0.5,,0.5
1950,18000.0,0.53,0.53,,0.53
1950,20000.0,0.56,0.56,,0.56
1950,22000.0,0.59,0.59,,0.59
1950,26000.0,0.62,0.62,,0.62
1950,32000.0,0.65,0.65,,0.65
1950,38000.0,0.6900000000000001,0.6900000000000001,,0.6900000000000001
1950,44000.0,0.72,0.72,,0.72
1950,50000.0,0.75,0.75,,0.75
1950,60000.0,0.78,0.78,,0.78
1950,70000.0,0.81,0.81,,0.81
1950,80000.0,0.84,0.84,,0.84
1950,90000.0,0.87,0.87,,0.87
1950,100000.0,0.89,0.89,,0.89
1950,150000.0,0.9,0.9,,0.9
1950,200000.0,0.91,0.91,,0.91
1951,0.0,0.204,0.204,,0.204
1951,2000.0,0.22399999999999998,0.22399999999999998,,0.22399999999999998
1951,4000.0,0.27,0.27,,0.27
1951,6000.0,0.3,0.3,,0.3
1951,8000.0,0.35000000000000003,0.35000000000000003,,0.35000000000000003
1951,10000.0,0.39,0.39,,0.39
1951,12000.0,0.43,0.43,,0.43
1951,14000.0,0.48,0.48,,0.48
1951,16000.0,0.51,0.51,,0.51
1951,18000.0,0.54,0.54,,0.54
1951,20000.0,0.5700000000000001,0.5700000000000001,,0.5700000000000001
1951,22000.0,0.6,0.6,,0.6
1951,26000.0,0.63,0.63,,0.63
1951,32000.0,0.66,0.66,,0.66
1951,38000.0,0.6900000000000001,0.6900000000000001,,0.6900000000000001
1951,44000.0,0.73,0.73,,0.73
1951,50000.0,0.75,0.75,,0.75
1951,60000.0,0.78,0.78,,0.78
1951,70000.0,0.8200000000000001,0.8200000000000001,,0.8200000000000001
1951,80000.0,0.84,0.84,,0.84
1951,90000.0,0.87,0.87,,0.87
1951,100000.0,0.89,0.89,,0.89
1951,150000.0,0.9,0.9,,0.9
1951,200000.0,0.91,0.91,,0.91
1952,0.0,0.222,0.222,,0.222
1952,2000.0,0.24600000000000002,0.24600000000000002,,0.23399999999999999
1952,4000.0,0.29,0.29,,0.27
1952,6000.0,0.34,0.34,,0.29
1952,8000.0,0.38,0.38,,0.34
1952,10000.0,0.42,0.42,,0.35000000000000003
1952,12000.0,0.48,0.48,,0.41000000000000003
1952,14000.0,0.53,0.53,,0.44
1952,16000.0,0.56,0.56,,0.47000000000000003
1952,18000.0,0.59,0.59,,0.48
1952,20000.0,0.62,0.62,,0.52
1952,22000.0,0.66,0.66,,0.54
1952,24000.0,,,,0.5700000000000001
1952,26000.0,0.67,0.67,,
1952,28000.0,,,,0.6
1952,32000.0,0.68,0.68,,0.63
1952,38000.0,0.72,0.72,,0.66
1952,44000.0,0.75,0.75,,0.71
1952,50000.0,0.77,0.77,,0.72
1952,60000.0,0.8,0.8,,0.73
1952,70000.0,0.8300000000000001,0.8300000000000001,,0.77
1952,80000.0,0.85,0.85,,0.79
1952,90000.0,0.88,0.88,,0.81
1952,100000.0,0.9,0.9,,0.85
1952,150000.0,0.91,0.91,,0.88
1952,200000.0,0.92,0.92,,0.91
1952,300000.0,,,,0.92
1953,0.0,0.222,0.222,,0.222
1953,2000.0,0.24600000000000002,0.24600000000000002,,0.23399999999999999
1953,4000.0,0.29,0.29,,0.27
1953,6000.0,0.34,0.34,,0.29
1953,8000.0,0.38,0.38,,0.34
1953,10000.0,0.42,0.42,,0.35000000000000003
1953,12000.0,0.48,0.48,,0.41000000000000003
1953,14000.0,0.53,0.53,,0.44
1953,16000.0,0.56,0.56,,0.47000000000000003
1953,18000.0,0.59,0.59,,0.48
1953,20000.0,0.62,0.62,,0.52
1953,22000.0,0.66,0.66,,0.54
1953,24000.0,,,,0.5700000000000001
1953,26000.0,0.67,0.67,,
1953,28000.0,,,,0.6
1953,32000.0,0.68,0.68,,0.63
1953,38000.0,0.72,0.72,,0.66
1953,44000.0,0.75,0.75,,0.71
1953,50000.0,0.77,0.77,,0.72
1953,60000.0,0.8,0.8,,0.73
1953,70000.0,0.8300000000000001,0.8300000000000001,,0.77
1953,80000.0,0.85,0.85,,0.79
1953,90000.0,0.88,0.88,,0.81
1953,100000.0,0.9,0.9,,0.85
1953,150000.0,0.91,0.91,,0.88
1953,200000.0,0.92,0.92,,0.91
1953,300000.0,,,,0.92
1954,0.0,0.2,0.2,,0.2
1954,2000.0,0.22,0.22,,0.21
1954,4000.0,0.26,0.26,,0.24
1954,6000.0,0.3,0.3,,0.26
1954,8000.0,0.34,0.34,,0.3
1954,10000.0,0.38,0.38,,0.32
1954,12000.0,0.43,0.43,,0.36
1954,14000.0,0.47000000000000003,0.47000000000000003,,0.39
1954,16000.0,0.5,0.5,,0.42
1954,18000.0,0.53,0.53,,0.43
1954,20000.0,0.56,0.56,,0.47000000000000003
1954,22000.0,0.59,0.59,,0.49
1954,24000.0,,,,0.52
1954,26000.0,0.62,0.62,,
1954,28000.0,,,,0.54
1954,32000.0,0.65,0.65,,0.58
1954,38000.0,0.6900000000000001,0.6900000000000001,,0.62
1954,44000.0,0.72,0.72,,0.66
1954,50000.0,0.75,0.75,,0.68
1954,60000.0,0.78,0.78,,0.71
1954,70000.0,0.81,0.81,,0.74
1954,80000.0,0.84,0.84,,0.76
1954,90000.0,0.87,0.87,,0.8
1954,100000.0,0.89,0.89,,0.8300000000000001
1954,150000.0,0.9,0.9,,0.87
1954,200000.0,0.91,0.91,,0.9
1954,300000.0,,,,0.91
1955,0.0,0.2,0.2,0.2,0.2
1955,2000.0,0.22,0.22,,0.21
1955,4000.0,0.26,0.26,0.22,0.24
1955,6000.0,0.3,0.3,,0.26
1955,8000.0,0.34,0.34,0.26,0.3
1955,10000.0,0.38,0.38,,0.32
1955,12000.0,0.43,0.43,0.3,0.36
1955,14000.0,0.47000000000000003,0.47000000000000003,,0.39
1955,16000.0,0.5,0.5,0.34,0.42
1955,18000.0,0.53,0.53,,0.43
1955,20000.0,0.56,0.56,0.38,0.47000000000000003
1955,22000.0,0.59,0.59,,0.49
1955,24000.0,,,0.43,0.52
1955,26000.0,0.62,0.62,,
1955,28000.0,,,0.47000000000000003,0.54
1955,32000.0,0.65,0.65,0.5,0.58
1955,36000.0,,,0.53,
1955,38000.0,0.6900000000000001,0.6900000000000001,,0.62
1955,40000.0,,,0.56,
1955,44000.0,0.72,0.72,0.59,0.66
1955,50000.0,0.75,0.75,,0.68
1955,52000.0,,,0.62,
1955,60000.0,0.78,0.78,,0.71
1955,64000.0,,,0.65,
1955,70000.0,0.81,0.81,,0.74
1955,76000.0,,,0.6900000000000001,
1955,80000.0,0.84,0.84,,0.76
1955,88000.0,,,0.72,
1955,90000.0,0.87,0.87,,0.8
1955,100000.0,0.89,0.89,0.75,0.8300000000000001
1955,120000.0,,,0.78,
1955,140000.0,,,0.81,
1955,150000.0,0.9,0.9,,0.87
1955,160000.0,,,0.84,
1955,180000.0,,,0.87,
1955,200000.0,0.91,0.91,0.89,0.9
1955,300000.0,,,0.9,0.91
1955,400000.0,,,0.91,
1956,0.0,0.2,0.2,0.2,0.2
1956,2000.0,0.22,0.22,,0.21
1956,4000.0,0.26,0.26,0.22,0.24
1956,6000.0,0.3,0.3,,0.26
1956,8000.0,0.34,0.34,0.26,0.3
1956,10000.0,0.38,0.38,,0.32
1956,12000.0,0.43,0.43,0.3,0.36
1956,14000.0,0.47000000000000003,0.47000000000000003,,0.39
1956,16000.0,0.5,0.5,0.34,0.42
1956,18000.0,0.53,0.53,,0.43
1956,20000.0,0.56,0.56,0.38,0.47000000000000003
1956,22000.0,0.59,0.59,,0.49
1956,24000.0,,,0.43,0.52
1956,26000.0,0.62,0.62,,
1956,28000.0,,,0.47000000000000003,0.54
1956,32000.0,0.65,0.65,0.5,0.58
1956,36000.0,,,0.53,
1956,38000.0,0.6900000000000001,0.6900000000000001,,0.62
1956,40000.0,,,0.56,
1956,44000.0,0.72,0.72,0.59,0.66
1956,50000.0,0.75,0.75,,0.68
1956,52000.0,,,0.62,
1956,60000.0,0.78,0.78,,0.71
1956,64000.0,,,0.65,
1956,70000.0,0.81,0.81,,0.74
1956,76000.0,,,0.6900000000000001,
1956,80000.0,0.84,0.84,,0.76
1956,88000.0,,,0.72,
1956,90000.0,0.87,0.87,,0.8
1956,100000.0,0.89,0.89,0.75,0.8300000000000001
1956,120000.0,,,0.78,
1956,140000.0,,,0.81,
1956,150000.0,0.9,0.9,,0.87
1956,160000.0,,,0.84,
1956,180000.0,,,0.87,
1956,200000.0,0.91,0.91,0.89,0.9
1956,300000.0,,,0.9,0.91
1956,400000.0,,,0.91,
1957,0.0,0.2,0.2,0.2,0.2
1957,2000.0,0.22,0.22,,0.21
1957,4000.0,0.26,0.26,0.22,0.24
1957,6000.0,0.3,0.3,,0.26
1957,8000.0,0.34,0.34,0.26,0.3
1957,10000.0,0.38,0.38,,0.32
1957,12000.0,0.43,0.43,0.3,0.36
1957,14000.0,0.47000000000000003,0.47000000000000003,,0.39
1957,16000.0,0.5,0.5,0.34,0.42
1957,18000.0,0.53,0.53,,0.43
1957,20000.0,0.56,0.56,0.38,0.47000000000000003
1957,22000.0,0.59,0.59,,0.49
1957,24000.0,,,0.43,0.52
1957,26000.0,0.62,0.62,,
1957,28000.0,,,0.47000000000000003,0.54
1957,32000.0,0.65,0.65,0.5,0.58
1957,36000.0,,,0.53,
1957,38000.0,0.6900000000000001,0.6900000000000001,,0.62
1957,40000.0,,,0.56,
1957,44000.0,0.72,0.72,0.59,0.66
1957,50000.0,0.75,0.75,,0.68
1957,52000.0,,,0.62,
1957,60000.0,0.78,0.78,,0.71
1957,64000.0,,,0.65,
1957,70000.0,0.81,0.81,,0.74
1957,76000.0,,,0.6900000000000001,
1957,80000.0,0.84,0.84,,0.76
1957,88000.0,,,0.72,
1957,90000.0,0.87,0.87,,0.8
1957,100000.0,0.89,0.89,0.75,0.8300000000000001
1957,120000.0,,,0.78,
1957,140000.0,,,0.81,
1957,150000.0,0.9,0.9,,0.87
1957,160000.0,,,0.84,
1957,180000.0,,,0.87,
1957,200000.0,0.91,0.91,0.89,0.9
1957,300000.0,,,0.9,0.91
1957,400000.0,,,0.91,
1958,0.0,0.2,0.2,0.2,0.2
1958,2000.0,0.22,0.22,,0.21
1958,4000.0,0.26,0.26,0.22,0.24
1958,6000.0,0.3,0.3,,0.26
1958,8000.0,0.34,0.34,0.26,0.3
1958,10000.0,0.38,0.38,,0.32
1958,12000.0,0.43,0.43,0.3,0.36
1958,14000.0,0.47000000000000003,0.47000000000000003,,0.39
1958,16000.0,0.5,0.5,0.34,0.42
1958,18000.0,0.53,0.53,,0.43
1958,20000.0,0.56,0.56,0.38,0.47000000000000003
1958,22000.0,0.59,0.59,,0.49
1958,24000.0,,,0.43,0.52
1958,26000.0,0.62,0.62,,
1958,28000.0,,,0.47000000000000003,0.54
1958,32000.0,0.65,0.65,0.5,0.58
1958,36000.0,,,0.53,
1958,38000.0,0.6900000000000001,0.6900000000000001,,0.62
1958,40000.0,,,0.56,
1958,44000.0,0.72,0.72,0.59,0.66
1958,50000.0,0.75,0.75,,0.68
1958,52000.0,,,0.62,
1958,60000.0,0.78,0.78,,0.71
1958,64000.0,,,0.65,
1958,70000.0,0.81,0.81,,0.74
1958,76000.0,,,0.6900000000000001,
1958,80000.0,0.84,0.84,,0.76
1958,88000.0,,,0.72,
1958,90000.0,0.87,0.87,,0.8
1958,100000.0,0.89,0.89,0.75,0.8300000000000001
1958,120000.0,,,0.78,
1958,140000.0,,,0.81,
1958,150000.0,0.9,0.9,,0.87
1958,160000.0,,,0.84,
1958,180000.0,,,0.87,
1958,200000.0,0.91,0.91,0.89,0.9
1958,300000.0,,,0.9,0.91
1958,400000.0,,,0.91,
1959,0.0,0.2,0.2,0.2,0.2
1959,2000.0,0.22,0.22,,0.21
1959,4000.0,0.26,0.26,0.22,0.24
1959,6000.0,0.3,0.3,,0.26
1959,8000.0,0.34,0.34,0.26,0.3
1959,10000.0,0.38,0.38,,0.32
1959,12000.0,0.43,0.43,0.3,0.36
1959,14000.0,0.47000000000000003,0.47000000000000003,,0.39
1959,16000.0,0.5,0.5,0.34,0.42
1959,18000.0,0.53,0.53,,0.43
1959,20000.0,0.56,0.56,0.38,0.47000000000000003
1959,22000.0,0.59,0.59,,0.49
1959,24000.0,,,0.43,0.52
1959,26000.0,0.62,0.62,,
1959,28000.0,,,0.47000000000000003,0.54
1959,32000.0,0.65,0.65,0.5,0.58
1959,36000.0,,,0.53,
1959,38000.0,0.6900000000000001,0.6900000000000001,,0.62
1959,40000.0,,,0.56,
1959,44000.0,0.72,0.72,0.59,0.66
1959,50000.0,0.75,0.75,,0.68
1959,52000.0,,,0.62,
1959,60000.0,0.78,0.78,,0.71
1959,64000.0,,,0.65,
1959,70000.0,0.81,0.81,,0.74
1959,76000.0,,,0.6900000000000001,
1959,80000.0,0.84,0.84,,0.76
1959,88000.0,,,0.72,
1959,90000.0,0.87,0.87,,0.8
1959,100000.0,0.89,0.89,0.75,0.8300000000000001
1959,120000.0,,,0.78,
1959,140000.0,,,0.81,
1959,150000.0,0.9,0.9,,0.87
1959,160000.0,,,0.84,
1959,180000.0,,,0.87,
1959,200000.0,0.91,0.91,0.89,0.9
1959,300000.0,,,0.9,0.91
1959,400000.0,,,0.91,
1960,0.0,0.2,0.2,0.2,0.2
1960,2000.0,0.22,0.22,,0.21
1960,4000.0,0.26,0.26,0.22,0.24
1960,6000.0,0.3,0.3,,0.26
1960,8000.0,0.34,0.34,0.26,0.3
1960,10000.0,0.38,0.38,,0.32
1960,12000.0,0.43,0.43,0.3,0.36
1960,14000.0,0.47000000000000003,0.47000000000000003,,0.39
1960,16000.0,0.5,0.5,0.34,0.42
1960,18000.0,0.53,0.53,,0.43
1960,20000.0,0.56,0.56,0.38,0.47000000000000003
1960,22000.0,0.59,0.59,,0.49
1960,24000.0,,,0.43,0.52
1960,26000.0,0.62,0.62,,
1960,28000.0,,,0.47000000000000003,0.54
1960,32000.0,0.65,0.65,0.5,0.58
1960,36000.0,,,0.53,
1960,38000.0,0.6900000000000001,0.6900000000000001,,0.62
1960,40000.0,,,0.56,
1960,44000.0,0.72,0.72,0.59,0.66
1960,50000.0,0.75,0.75,,0.68
1960,52000.0,,,0.62,
1960,60000.0,0.78,0.78,,0.71
1960,64000.0,,,0.65,
1960,70000.0,0.81,0.81,,0.74
1960,76000.0,,,0.6900000000000001,
1960,80000.0,0.84,0.84,,0.76
1960,88000.0,,,0.72,
1960,90000.0,0.87,0.87,,0.8
1960,100000.0,0.89,0.89,0.75,0.8300000000000001
1960,120000.0,,,0.78,
1960,140000.0,,,0.81,
1960,150000.0,0.9,0.9,,0.87
1960,160000.0,,,0.84,
1960,180000.0,,,0.87,
1960,200000.0,0.91,0.91,0.89,0.9
1960,300000.0,,,0.9,0.91
1960,400000.0,,,0.91,
1961,0.0,0.2,0.2,0.2,0.2
1961,2000.0,0.22,0.22,,0.21
1961,4000.0,0.26,0.26,0.22,0.24
1961,6000.0,0.3,0.3,,0.26
1961,8000.0,0.34,0.34,0.26,0.3
1961,10000.0,0.38,0.38,,0.32
1961,12000.0,0.43,0.43,0.3,0.36
1961,14000.0,0.47000000000000003,0.47000000000000003,,0.39
1961,16000.0,0.5,0.5,0.34,0.42
1961,18000.0,0.53,0.53,,0.43
1961,20000.0,0.56,0.56,0.38,0.47000000000000003
1961,22000.0,0.59,0.59,,0.49
1961,24000.0,,,0.43,0.52
1961,26000.0,0.62,0.62,,
1961,28000.0,,,0.47000000000000003,0.54
1961,32000.0,0.65,0.65,0.5,0.58
1961,36000.0,,,0.53,
1961,38000.0,0.6900000000000001,0.6900000000000001,,0.62
1961,40000.0,,,0.56,
1961,44000.0,0.72,0.72,0.59,0.66
1961,50000.0,0.75,0.75,,0.68
1961,52000.0,,,0.62,
1961,60000.0,0.78,0.78,,0.71
1961,64000.0,,,0.65,
1961,70000.0,0.81,0.81,,0.74
1961,76000.0,,,0.6900000000000001,
1961,80000.0,0.84,0.84,,0.76
1961,88000.0,,,0.72,
1961,90000.0,0.87,0.87,,0.8
1961,100000.0,0.89,0.89,0.75,0.8300000000000001
1961,120000.0,,,0.78,
1961,140000.0,,,0.81,
1961,150000.0,0.9,0.9,,0.87
1961,160000.0,,,0.84,
1961,180000.0,,,0.87,
1961,200000.0,0.91,0.91,0.89,0.9
1961,300000.0,,,0.9,0.91
1961,400000.0,,,0.91,
1962,0.0,0.2,0.2,0.2,0.2
1962,2000.0,0.22,0.22,,0.21
1962,4000.0,0.26,0.26,0.22,0.24
1962,6000.0,0.3,0.3,,0.26
1962,8000.0,0.34,0.34,0.26,0.3
1962,10000.0,0.38,0.38,,0.32
1962,12000.0,0.43,0.43,0.3,0.36
1962,14000.0,0.47000000000000003,0.47000000000000003,,0.39
1962,16000.0,0.5,0.5,0.34,0.42
1962,18000.0,0.53,0.53,,0.43
1962,20000.0,0.56,0.56,0.38,0.47000000000000003
1962,22000.0,0.59,0.59,,0.49
1962,24000.0,,,0.43,0.52
1962,26000.0,0.62,0.62,,
1962,28000.0,,,0.47000000000000003,0.54
1962,32000.0,0.65,0.65,0.5,0.58
1962,36000.0,,,0.53,
1962,38000.0,0.6900000000000001,0.6900000000000001,,0.62
1962,40000.0,,,0.56,
1962,44000.0,0.72,0.72,0.59,0.66
1962,50000.0,0.75,0.75,,0.68
1962,52000.0,,,0.62,
1962,60000.0,0.78,0.78,,0.71
1962,64000.0,,,0.65,
1962,70000.0,0.81,0.81,,0.74
1962,76000.0,,,0.6900000000000001,
1962,80000.0,0.84,0.84,,0.76
1962,88000.0,,,0.72,
1962,90000.0,0.87,0.87,,0.8
1962,100000.0,0.89,0.89,0.75,0.8300000000000001
1962,120000.0,,,0.78,
1962,140000.0,,,0.81,
1962,150000.0,0.9,0.9,,0.87
1962,160000.0,,,0.84,
1962,180000.0,,,0.87,
1962,200000.0,0.91,0.91,0.89,0.9
1962,300000.0,,,0.9,0.91
1962,400000.0,,,0.91,
1963,0.0,0.2,0.2,0.2,0.2
1963,2000.0,0.22,0.22,,0.21
1963,4000.0,0.26,0.26,0.22,0.24
1963,6000.0,0.3,0.3,,0.26
1963,8000.0,0.34,0.34,0.26,0.3
1963,10000.0,0.38,0.38,,0.32
1963,12000.0,0.43,0.43,0.3,0.36
1963,14000.0,0.47000000000000003,0.47000000000000003,,0.39
1963,16000.0,0.5,0.5,0.34,0.42
1963,18000.0,0.53,0.53,,0.43
1963,20000.0,0.56,0.56,0.38,0.47000000000000003
1963,22000.0,0.59,0.59,,0.49
1963,24000.0,,,0.43,0.52
1963,26000.0,0.62,0.62,,
1963,28000.0,,,0.47000000000000003,0.54
1963,32000.0,0.65,0.65,0.5,0.58
1963,36000.0,,,0.53,
1963,38000.0,0.6900000000000001,0.6900000000000001,,0.62
1963,40000.0,,,0.56,
1963,44000.0,0.72,0.72,0.59,0.66
1963,50000.0,0.75,0.75,,0.68
1963,52000.0,,,0.62,
1963,60000.0,0.78,0.78,,0.71
1963,64000.0,,,0.65,
1963,70000.0,0.81,0.81,,0.74
1963,76000.0,,,0.6900000000000001,
1963,80000.0,0.84,0.84,,0.76
1963,88000.0,,,0.72,
1963,90000.0,0.87,0.87,,0.8
1963,100000.0,0.89,0.89,0.75,0.8300000000000001
1963,120000.0,,,0.78,
1963,140000.0,,,0.81,
1963,150000.0,0.9,0.9,,0.87
1963,160000.0,,,0.84,
1963,180000.0,,,0.87,
1963,200000.0,0.91,0.91,0.89,0.9
1963,300000.0,,,0.9,0.91
1963,400000.0,,,0.91,
1964,0.0,0.16,0.16,0.16,0.16
1964,500.0,0.165,0.165,,
1964,1000.0,0.17500000000000002,0.17500000000000002,0.165,0.17500000000000002
1964,1500.0,0.18,0.18,,
1964,2000.0,0.2,0.2,0.17500000000000002,0.19
1964,3000.0,,,0.18,
1964,4000.0,0.23500000000000001,0.23500000000000001,0.2,0.22
1964,6000.0,0.27,0.27,,0.23
1964,8000.0,0.305,0.305,0.23500000000000001,0.27
1964,10000.0,0.34,0.34,,0.29
1964,12000.0,0.375,0.375,0.27,0.32
1964,14000.0,0.41000000000000003,0.41000000000000003,,0.34
1964,16000.0,0.445,0.445,0.305,0.375
1964,18000.0,0.47500000000000003,0.47500000000000003,,0.39
1964,20000.0,0.505,0.505,0.34,0.425
1964,22000.0,0.535,0.535,,0.435
1964,24000.0,,,0.375,0.455
1964,26000.0,0.56,0.56,,0.47000000000000003
1964,28000.0,,,0.41000000000000003,0.485
1964,32000.0,0.585,0.585,0.445,0.515
1964,36000.0,,,0.47500000000000003,0.53
1964,38000.0,0.61,0.61,,0.54
1964,40000.0,,,0.505,0.56
1964,44000.0,0.635,0.635,0.535,0.585
1964,50000.0,0.66,0.66,,0.595
1964,52000.0,,,0.56,0.61
1964,60000.0,0.685,0.685,,0.62
1964,64000.0,,,0.585,0.635
1964,70000.0,0.71,0.71,,0.65
1964,76000.0,,,0.61,0.66
1964,80000.0,0.735,0.735,,0.67
1964,88000.0,,,0.635,0.6900000000000001
1964,90000.0,0.75,0.75,,0.6950000000000001
1964,100000.0,0.765,0.765,0.66,0.71
1964,120000.0,,,0.685,0.725
1964,140000.0,,,0.71,0.74
1964,160000.0,,,0.735,0.75
1964,180000.0,,,0.75,0.755
1964,200000.0,0.77,0.77,0.765,0.77
1964,400000.0,,,0.77,
1965,0.0,0.14,0.14,0.14,0.14
1965,500.0,0.15,0.15,,
1965,1000.0,0.16,0.16,0.15,0.16
1965,1500.0,0.17,0.17,,
1965,2000.0,0.19,0.19,0.16,0.18
1965,3000.0,,,0.17,
1965,4000.0,0.22,0.22,0.19,0.2
1965,6000.0,0.25,0.25,,0.22
1965,8000.0,0.28,0.28,0.22,0.25
1965,10000.0,0.32,0.32,,0.27
1965,12000.0,0.36,0.36,0.25,0.31
1965,14000.0,0.39,0.39,,0.32
1965,16000.0,0.42,0.42,0.28,0.35000000000000003
1965,18000.0,0.45,0.45,,0.36
1965,20000.0,0.48,0.48,0.32,0.4
1965,22000.0,0.5,0.5,,0.41000000000000003
1965,24000.0,,,0.36,0.43
1965,26000.0,0.53,0.53,,0.45
1965,28000.0,,,0.39,0.46
1965,32000.0,0.55,0.55,0.42,0.48
1965,36000.0,,,0.45,0.5
1965,38000.0,0.58,0.58,,0.52
1965,40000.0,,,0.48,0.53
1965,44000.0,0.6,0.6,0.5,0.55
1965,50000.0,0.62,0.62,,0.56
1965,52000.0,,,0.53,0.58
1965,60000.0,0.64,0.64,,
1965,64000.0,,,0.55,0.59
1965,70000.0,0.66,0.66,,0.61
1965,76000.0,,,0.58,0.62
1965,80000.0,0.68,0.68,,0.63
1965,88000.0,,,0.6,0.64
1965,90000.0,0.6900000000000001,0.6900000000000001,,
1965,100000.0,0.7000000000000001,0.7000000000000001,0.62,0.66
1965,120000.0,,,0.64,0.67
1965,140000.0,,,0.66,0.68
1965,160000.0,,,0.68,0.6900000000000001
1965,180000.0,,,0.6900000000000001,0.7000000000000001
1965,200000.0,,,0.7000000000000001,
1966,0.0,0.14,0.14,0.14,0.14
1966,500.0,0.15,0.15,,
1966,1000.0,0.16,0.16,0.15,0.16
1966,1500.0,0.17,0.17,,
1966,2000.0,0.19,0.19,0.16,0.18
1966,3000.0,,,0.17,
1966,4000.0,0.22,0.22,0.19,0.2
1966,6000.0,0.25,0.25,,0.22
1966,8000.0,0.28,0.28,0.22,0.25
1966,10000.0,0.32,0.32,,0.27
1966,12000.0,0.36,0.36,0.25,0.31
1966,14000.0,0.39,0.39,,0.32
1966,16000.0,0.42,0.42,0.28,0.35000000000000003
1966,18000.0,0.45,0.45,,0.36
1966,20000.0,0.48,0.48,0.32,0.4
1966,22000.0,0.5,0.5,,0.41000000000000003
1966,24000.0,,,0.36,0.43
1966,26000.0,0.53,0.53,,0.45
1966,28000.0,,,0.39,0.46
1966,32000.0,0.55,0.55,0.42,0.48
1966,36000.0,,,0.45,0.5
1966,38000.0,0.58,0.58,,0.52
1966,40000.0,,,0.48,0.53
1966,44000.0,0.6,0.6,0.5,0.55
1966,50000.0,0.62,0.62,,0.56
1966,52000.0,,,0.53,0.58
1966,60000.0,0.64,0.64,,
1966,64000.0,,,0.55,0.59
1966,70000.0,0.66,0.66,,0.61
1966,76000.0,,,0.58,0.62
1966,80000.0,0.68,0.68,,0.63
1966,88000.0,,,0.6,0.64
1966,90000.0,0.6900000000000001,0.6900000000000001,,
1966,100000.0,0.7000000000000001,0.7000000000000001,0.62,0.66
1966,120000.0,,,0.64,0.67
1966,140000.0,,,0.66,0.68
1966,160000.0,,,0.68,0.6900000000000001
1966,180000.0,,,0.6900000000000001,0.7000000000000001
1966,200000.0,,,0.7000000000000001,
1967,0.0,0.14,0.14,0.14,0.14
1967,500.0,0.15,0.15,0.15,
1967,1000.0,0.16,0.16,0.16,0.16
1967,1500.0,0.17,0.17,0.17,
1967,2000.0,0.19,0.19,0.19,0.18
1967,4000.0,0.22,0.22,0.22,0.2
1967,6000.0,0.25,0.25,0.25,0.22
1967,8000.0,0.28,0.28,0.28,0.25
1967,10000.0,0.32,0.32,0.32,0.27
1967,12000.0,0.36,0.36,0.36,0.31
1967,14000.0,0.39,0.39,0.39,0.32
1967,16000.0,0.42,0.42,0.42,0.35000000000000003
1967,18000.0,0.45,0.45,0.45,0.36
1967,20000.0,0.48,0.48,0.48,0.4
1967,22000.0,0.5,0.5,0.5,0.41000000000000003
1967,24000.0,,,,0.43
1967,26000.0,0.53,0.53,0.53,0.45
1967,28000.0,,,,0.46
1967,32000.0,0.55,0.55,0.55,0.48
1967,36000.0,,,,0.5
1967,38000.0,0.58,0.58,0.58,0.52
1967,40000.0,,,,0.53
1967,44000.0,0.6,0.6,0.6,0.55
1967,50000.0,0.62,0.62,0.62,0.56
1967,52000.0,,,,0.58
1967,60000.0,0.64,0.64,0.64,
1967,64000.0,,,,0.59
1967,70000.0,0.66,0.66,0.66,0.61
1967,76000.0,,,,0.62
1967,80000.0,0.68,0.68,0.68,0.63
1967,88000.0,,,,0.64
1967,90000.0,0.6900000000000001,0.6900000000000001,0.6900000000000001,
1967,100000.0,0.7000000000000001,0.7000000000000001,0.7000000000000001,0.66
1967,120000.0,,,,0.67
1967,140000.0,,,,0.68
1967,160000.0,,,,0.6900000000000001
1967,180000.0,,,,0.7000000000000001
1968,0.0,0.14,0.14,0.14,0.14
1968,500.0,0.15,0.15,,
1968,1000.0,0.16,0.16,0.15,0.16
1968,1500.0,0.17,0.17,,
1968,2000.0,0.19,0.19,0.16,0.18
1968,3000.0,,,0.17,
1968,4000.0,0.22,0.22,0.19,0.2
1968,6000.0,0.25,0.25,,0.22
1968,8000.0,0.28,0.28,0.22,0.25
1968,10000.0,0.32,0.32,,0.27
1968,12000.0,0.36,0.36,0.25,0.31
1968,14000.0,0.39,0.39,,0.32
1968,16000.0,0.42,0.42,0.28,0.35000000000000003
1968,18000.0,0.45,0.45,,0.36
1968,20000.0,0.48,0.48,0.32,0.4
1968,22000.0,0.5,0.5,,0.41000000000000003
1968,24000.0,,,0.36,0.43
1968,26000.0,0.53,0.53,,0.45
1968,28000.0,,,0.39,0.46
1968,32000.0,0.55,0.55,0.42,0.48
1968,36000.0,,,0.45,0.5
1968,38000.0,0.58,0.58,,0.52
1968,40000.0,,,0.48,0.53
1968,44000.0,0.6,0.6,0.5,0.55
1968,50000.0,0.62,0.62,,0.56
1968,52000.0,,,0.53,0.58
1968,60000.0,0.64,0.64,,
1968,64000.0,,,0.55,0.59
1968,70000.0,0.66,0.66,,0.61
1968,76000.0,,,0.58,0.62
1968,80000.0,0.68,0.68,,0.63
1968,88000.0,,,0.6,0.64
1968,90000.0,0.6900000000000001,0.6900000000000001,,
1968,100000.0,0.7000000000000001,0.7000000000000001,0.62,0.66
1968,120000.0,,,0.64,0.67
1968,140000.0,,,0.66,0.68
1968,160000.0,,,0.68,0.6900000000000001
1968,180000.0,,,0.6900000000000001,0.7000000000000001
1968,200000.0,,,0.7000000000000001,
1969,0.0,0.14,0.14,0.14,0.14
1969,500.0,0.15,0.15,,
1969,1000.0,0.16,0.16,0.15,0.16
1969,1500.0,0.17,0.17,,
1969,2000.0,0.19,0.19,0.16,0.18
1969,3000.0,,,0.17,
1969,4000.0,0.22,0.22,0.19,0.2
1969,6000.0,0.25,0.25,,0.22
1969,8000.0,0.28,0.28,0.22,0.25
1969,10000.0,0.32,0.32,,0.27
1969,12000.0,0.36,0.36,0.25,0.31
1969,14000.0,0.39,0.39,,0.32
1969,16000.0,0.42,0.42,0.28,0.35000000000000003
1969,18000.0,0.45,0.45,,0.36
1969,20000.0,0.48,0.48,0.32,0.4
1969,22000.0,0.5,0.5,,0.41000000000000003
1969,24000.0,,,0.36,0.43
1969,26000.0,0.53,0.53,,0.45
1969,28000.0,,,0.39,0.46
1969,32000.0,0.55,0.55,0.42,0.48
1969,36000.0,,,0.45,0.5
1969,38000.0,0.58,0.58,,0.52
1969,40000.0,,,0.48,0.53
1969,44000.0,0.6,0.6,0.5,0.55
1969,50000.0,0.62,0.62,,0.56
1969,52000.0,,,0.53,0.58
1969,60000.0,0.64,0.64,,
1969,64000.0,,,0.55,0.59
1969,70000.0,0.66,0.66,,0.61
1969,76000.0,,,0.58,0.62
1969,80000.0,0.68,0.68,,0.63
1969,88000.0,,,0.6,0.64
1969,90000.0,0.6900000000000001,0.6900000000000001,,
1969,100000.0,0.7000000000000001,0.7000000000000001,0.62,0.66
1969,120000.0,,,0.64,0.67
1969,140000.0,,,0.66,0.68
1969,160000.0,,,0.68,0.6900000000000001
1969,180000.0,,,0.6900000000000001,0.7000000000000001
1969,200000.0,,,0.7000000000000001,
1970,0.0,0.14,0.14,0.14,0.14
1970,500.0,0.15,0.15,,
1970,1000.0,0.16,0.16,0.15,0.16
1970,1500.0,0.17,0.17,,
1970,2000.0,0.19,0.19,0.16,0.18
1970,3000.0,,,0.17,
1970,4000.0,0.22,0.22,0.19,0.2
1970,6000.0,0.25,0.25,,0.22
1970,8000.0,0.28,0.28,0.22,0.25
1970,10000.0,0.32,0.32,,0.27
1970,12000.0,0.36,0.36,0.25,0.31
1970,14000.0,0.39,0.39,,0.32
1970,16000.0,0.42,0.42,0.28,0.35000000000000003
1970,18000.0,0.45,0.45,,0.36
1970,20000.0,0.48,0.48,0.32,0.4
1970,22000.0,0.5,0.5,,0.41000000000000003
1970,24000.0,,,0.36,0.43
1970,26000.0,0.53,0.53,,0.45
1970,28000.0,,,0.39,0.46
1970,32000.0,0.55,0.55,0.42,0.48
1970,36000.0,,,0.45,0.5
1970,38000.0,0.58,0.58,,0.52
1970,40000.0,,,0.48,0.53
1970,44000.0,0.6,0.6,0.5,0.55
1970,50000.0,0.62,0.62,,0.56
1970,52000.0,,,0.53,0.58
1970,60000.0,0.64,0.64,,
1970,64000.0,,,0.55,0.59
1970,70000.0,0.66,0.66,,0.61
1970,76000.0,,,0.58,0.62
1970,80000.0,0.68,0.68,,0.63
1970,88000.0,,,0.6,0.64
1970,90000.0,0.6900000000000001,0.6900000000000001,,
1970,100000.0,0.7000000000000001,0.7000000000000001,0.62,0.66
1970,120000.0,,,0.64,0.67
1970,140000.0,,,0.66,0.68
1970,160000.0,,,0.68,0.6900000000000001
1970,180000.0,,,0.6900000000000001,0.7000000000000001
1970,200000.0,,,0.7000000000000001,
1971,0.0,0.14,0.14,0.14,0.14
1971,500.0,0.15,0.15,,
1971,1000.0,0.16,0.16,0.15,0.16
1971,1500.0,0.17,0.17,,
1971,2000.0,0.19,0.19,0.16,0.18
1971,3000.0,,,0.17,
1971,4000.0,0.21,0.22,0.19,0.19
1971,6000.0,0.24,0.25,,0.22
1971,8000.0,0.25,0.28,0.22,0.23
1971,10000.0,0.27,0.32,,0.25
1971,12000.0,0.29,0.36,0.25,0.27
1971,14000.0,0.31,0.39,,0.28
1971,16000.0,0.34,0.42,0.28,0.31
1971,18000.0,0.36,0.45,,0.32
1971,20000.0,0.38,0.48,0.32,0.35000000000000003
1971,22000.0,0.4,0.5,,0.36
1971,24000.0,,,0.36,0.38
1971,26000.0,0.45,0.53,,0.41000000000000003
1971,28000.0,,,0.39,0.42
1971,32000.0,0.5,0.55,0.42,0.45
1971,36000.0,,,0.45,0.48
1971,38000.0,0.55,0.58,,0.51
1971,40000.0,,,0.48,0.52
1971,44000.0,0.6,0.6,0.5,0.55
1971,50000.0,0.62,0.62,,0.56
1971,52000.0,,,0.53,0.58
1971,60000.0,0.64,0.64,,
1971,64000.0,,,0.55,0.59
1971,70000.0,0.66,0.66,,0.61
1971,76000.0,,,0.58,0.62
1971,80000.0,0.68,0.68,,0.63
1971,88000.0,,,0.6,0.64
1971,90000.0,0.6900000000000001,0.6900000000000001,,
1971,100000.0,0.7000000000000001,0.7000000000000001,0.62,0.66
1971,120000.0,,,0.64,0.67
1971,140000.0,,,0.66,0.68
1971,160000.0,,,0.68,0.6900000000000001
1971,180000.0,,,0.6900000000000001,0.7000000000000001
1971,200000.0,,,0.7000000000000001,
1972,0.0,0.14,0.14,0.14,0.14
1972,500.0,0.15,0.15,,
1972,1000.0,0.16,0.16,0.15,0.16
1972,1500.0,0.17,0.17,,
1972,2000.0,0.19,0.19,0.16,0.18
1972,3000.0,,,0.17,
1972,4000.0,0.21,0.22,0.19,0.19
1972,6000.0,0.24,0.25,,0.22
1972,8000.0,0.25,0.28,0.22,0.23
1972,10000.0,0.27,0.32,,0.25
1972,12000.0,0.29,0.36,0.25,0.27
1972,14000.0,0.31,0.39,,0.28
1972,16000.0,0.34,0.42,0.28,0.31
1972,18000.0,0.36,0.45,,0.32
1972,20000.0,0.38,0.48,0.32,0.35000000000000003
1972,22000.0,0.4,0.5,,0.36
1972,24000.0,,,0.36,0.38
1972,26000.0,0.45,0.53,,0.41000000000000003
1972,28000.0,,,0.39,0.42
1972,32000.0,0.5,0.55,0.42,0.45
1972,36000.0,,,0.45,0.48
1972,38000.0,0.55,0.58,,0.51
1972,40000.0,,,0.48,0.52
1972,44000.0,0.6,0.6,0.5,0.55
1972,50000.0,0.62,0.62,,0.56
1972,52000.0,,,0.53,0.58
1972,60000.0,0.64,0.64,,
1972,64000.0,,,0.55,0.59
1972,70000.0,0.66,0.66,,0.61
1972,76000.0,,,0.58,0.62
1972,80000.0,0.68,0.68,,0.63
1972,88000.0,,,0.6,0.64
1972,90000.0,0.6900000000000001,0.6900000000000001,,
1972,100000.0,0.7000000000000001,0.7000000000000001,0.62,0.66
1972,120000.0,,,0.64,0.67
1972,140000.0,,,0.66,0.68
1972,160000.0,,,0.68,0.6900000000000001
1972,180000.0,,,0.6900000000000001,0.7000000000000001
1972,200000.0,,,0.7000000000000001,
1973,0.0,0.14,0.14,0.14,0.14
1973,500.0,0.15,0.15,,
1973,1000.0,0.16,0.16,0.15,0.16
1973,1500.0,0.17,0.17,,
1973,2000.0,0.19,0.19,0.16,0.18
1973,3000.0,,,0.17,
1973,4000.0,0.21,0.22,0.19,0.19
1973,6000.0,0.24,0.25,,0.22
1973,8000.0,0.25,0.28,0.22,0.23
1973,10000.0,0.27,0.32,,0.25
1973,12000.0,0.29,0.36,0.25,0.27
1973,14000.0,0.31,0.39,,0.28
1973,16000.0,0.34,0.42,0.28,0.31
1973,18000.0,0.36,0.45,,0.32
1973,20000.0,0.38,0.48,0.32,0.35000000000000003
1973,22000.0,0.4,0.5,,0.36
1973,24000.0,,,0.36,0.38
1973,26000.0,0.45,0.53,,0.41000000000000003
1973,28000.0,,,0.39,0.42
1973,32000.0,0.5,0.55,0.42,0.45
1973,36000.0,,,0.45,0.48
1973,38000.0,0.55,0.58,,0.51
1973,40000.0,,,0.48,0.52
1973,44000.0,0.6,0.6,0.5,0.55
1973,50000.0,0.62,0.62,,0.56
1973,52000.0,,,0.53,0.58
1973,60000.0,0.64,0.64,,
1973,64000.0,,,0.55,0.59
1973,70000.0,0.66,0.66,,0.61
1973,76000.0,,,0.58,0.62
1973,80000.0,0.68,0.68,,0.63
1973,88000.0,,,0.6,0.64
1973,90000.0,0.6900000000000001,0.6900000000000001,,
1973,100000.0,0.7000000000000001,0.7000000000000001,0.62,0.66
1973,120000.0,,,0.64,0.67
1973,140000.0,,,0.66,0.68
1973,160000.0,,,0.68,0.6900000000000001
1973,180000.0,,,0.6900000000000001,0.7000000000000001
1973,200000.0,,,0.7000000000000001,
1974,0.0,0.14,0.14,0.14,0.14
1974,500.0,0.15,0.15,,
1974,1000.0,0.16,0.16,0.15,0.16
1974,1500.0,0.17,0.17,,
1974,2000.0,0.19,0.19,0.16,0.18
1974,3000.0,,,0.17,
1974,4000.0,0.21,0.22,0.19,0.19
1974,6000.0,0.24,0.25,,0.22
1974,8000.0,0.25,0.28,0.22,0.23
1974,10000.0,0.27,0.32,,0.25
1974,12000.0,0.29,0.36,0.25,0.27
1974,14000.0,0.31,0.39,,0.28
1974,16000.0,0.34,0.42,0.28,0.31
1974,18000.0,0.36,0.45,,0.32
1974,20000.0,0.38,0.48,0.32,0.35000000000000003
1974,22000.0,0.4,0.5,,0.36
1974,24000.0,,,0.36,0.38
1974,26000.0,0.45,0.53,,0.41000000000000003
1974,28000.0,,,0.39,0.42
1974,32000.0,0.5,0.55,0.42,0.45
1974,36000.0,,,0.45,0.48
1974,38000.0,0.55,0.58,,0.51
1974,40000.0,,,0.48,0.52
1974,44000.0,0.6,0.6,0.5,0.55
1974,50000.0,0.62,0.62,,0.56
1974,52000.0,,,0.53,0.58
1974,60000.0,0.64,0.64,,
1974,64000.0,,,0.55,0.59
1974,70000.0,0.66,0.66,,0.61
1974,76000.0,,,0.58,0.62
1974,80000.0,0.68,0.68,,0.63
1974,88000.0,,,0.6,0.64
1974,90000.0,0.6900000000000001,0.6900000000000001,,
1974,100000.0,0.7000000000000001,0.7000000000000001,0.62,0.66
1974,120000.0,,,0.64,0.67
1974,140000.0,,,0.66,0.68
1974,160000.0,,,0.68,0.6900000000000001
1974,180000.0,,,0.6900000000000001,0.7000000000000001
1974,200000.0,,,0.7000000000000001,
1975,0.0,0.14,0.14,0.14,0.14
1975,500.0,0.15,0.15,,
1975,1000.0,0.16,0.16,0.15,0.16
1975,1500.0,0.17,0.17,,
1975,2000.0,0.19,0.19,0.16,0.18
1975,3000.0,,,0.17,
1975,4000.0,0.21,0.22,0.19,0.19
1975,6000.0,0.24,0.25,,0.22
1975,8000.0,0.25,0.28,0.22,0.23
1975,10000.0,0.27,0.32,,0.25
1975,12000.0,0.29,0.36,0.25,0.27
1975,14000.0,0.31,0.39,,0.28
1975,16000.0,0.34,0.42,0.28,0.31
1975,18000.0,0.36,0.45,,0.32
1975,20000.0,0.38,0.48,0.32,0.35000000000000003
1975,22000.0,0.4,0.5,,0.36
1975,24000.0,,,0.36,0.38
1975,26000.0,0.45,0.53,,0.41000000000000003
1975,28000.0,,,0.39,0.42
1975,32000.0,0.5,0.55,0.42,0.45
1975,36000.0,,,0.45,0.48
1975,38000.0,0.55,0.58,,0.51
1975,40000.0,,,0.48,0.52
1975,44000.0,0.6,0.6,0.5,0.55
1975,50000.0,0.62,0.62,,0.56
1975,52000.0,,,0.53,0.58
1975,60000.0,0.64,0.64,,
1975,64000.0,,,0.55,0.59
1975,70000.0,0.66,0.66,,0.61
1975,76000.0,,,0.58,0.62
1975,80000.0,0.68,0.68,,0.63
1975,88000.0,,,0.6,0.64
1975,90000.0,0.6900000000000001,0.6900000000000001,,
1975,100000.0,0.7000000000000001,0.7000000000000001,0.62,0.66
1975,120000.0,,,0.64,0.67
1975,140000.0,,,0.66,0.68
1975,160000.0,,,0.68,0.6900000000000001
1975,180000.0,,,0.6900000000000001,0.7000000000000001
1975,200000.0,,,0.7000000000000001,
1976,0.0,0.14,0.14,0.14,0.14
1976,500.0,0.15,0.15,,
1976,1000.0,0.16,0.16,0.15,0.16
1976,1500.0,0.17,0.17,,
1976,2000.0,0.19,0.19,0.16,0.18
1976,3000.0,,,0.17,
1976,4000.0,0.21,0.22,0.19,0.19
1976,6000.0,0.24,0.25,,0.22
1976,8000.0,0.25,0.28,0.22,0.23
1976,10000.0,0.27,0.32,,0.25
1976,12000.0,0.29,0.36,0.25,0.27
1976,14000.0,0.31,0.39,,0.28
1976,16000.0,0.34,0.42,0.28,0.31
1976,18000.0,0.36,0.45,,0.32
1976,20000.0,0.38,0.48,0.32,0.35000000000000003
1976,22000.0,0.4,0.5,,0.36
1976,24000.0,,,0.36,0.38
1976,26000.0,0.45,0.53,,0.41000000000000003
1976,28000.0,,,0.39,0.42
1976,32000.0,0.5,0.55,0.42,0.45
1976,36000.0,,,0.45,0.48
1976,38000.0,0.55,0.58,,0.51
1976,40000.0,,,0.48,0.52
1976,44000.0,0.6,0.6,0.5,0.55
1976,50000.0,0.62,0.62,,0.56
1976,52000.0,,,0.53,0.58
1976,60000.0,0.64,0.64,,
1976,64000.0,,,0.55,0.59
1976,70000.0,0.66,0.66,,0.61
1976,76000.0,,,0.58,0.62
1976,80000.0,0.68,0.68,,0.63
1976,88000.0,,,0.6,0.64
1976,90000.0,0.6900000000000001,0.6900000000000001,,
1976,100000.0,0.7000000000000001,0.7000000000000001,0.62,0.66
1976,120000.0,,,0.64,0.67
1976,140000.0,,,0.66,0.68
1976,160000.0,,,0.68,0.6900000000000001
1976,180000.0,,,0.6900000000000001,0.7000000000000001
1976,200000.0,,,0.7000000000000001,
1977,0.0,0.0,0.0,0.0,0.0
1977,1600.0,,0.14,,
1977,2100.0,,0.15,,
1977,2200.0,0.14,,,0.14
1977,2600.0,,0.16,,
1977,2700.0,0.15,,,
1977,3100.0,,0.17,,
1977,3200.0,0.16,,0.14,0.16
1977,3600.0,,0.19,,
1977,3700.0,0.17,,,
1977,4200.0,0.19,,0.15,0.18
1977,5200.0,,,0.16,
1977,5600.0,,0.22,,
1977,6200.0,0.21,,0.17,0.19
1977,7200.0,,,0.19,
1977,7600.0,,0.25,,
1977,8200.0,0.24,,,0.22
1977,9500.0,,0.28,,
1977,10200.0,0.25,,,0.23
1977,11200.0,,,0.22,
1977,11600.0,,0.32,,
1977,12200.0,0.27,,,0.25
1977,13600.0,,0.36,,
1977,14200.0,0.29,,,0.27
1977,15200.0,,,0.25,
1977,15600.0,,0.39,,
1977,16200.0,0.31,,,0.28
1977,17600.0,,0.42,,
1977,18200.0,0.34,,,0.31
1977,19200.0,,,0.28,
1977,19600.0,,0.45,,
1977,20200.0,0.36,,,0.32
1977,21600.0,,0.48,,
1977,22200.0,0.38,,,0.35000000000000003
1977,23200.0,,,0.32,
1977,23600.0,,0.5,,
1977,24200.0,0.4,,,0.36
1977,26200.0,,,,0.38
1977,27200.0,,,0.36,
1977,27600.0,,0.53,,
1977,28200.0,0.45,,,0.41000000000000003
1977,30200.0,,,,0.42
1977,31200.0,,,0.39,
1977,33600.0,,0.55,,
1977,34200.0,0.5,,,0.45
1977,35200.0,,,0.42,
1977,38200.0,,,,0.48
1977,39200.0,,,0.45,
1977,39600.0,,0.58,,
1977,40200.0,0.55,,,0.51
1977,42200.0,,,,0.52
1977,43200.0,,,0.48,
1977,45600.0,,0.6,,
1977,46200.0,0.6,,,0.55
1977,47200.0,,,0.5,
1977,51600.0,,0.62,,
1977,52200.0,0.62,,,0.56
1977,54200.0,,,,0.58
1977,55200.0,,,0.53,
1977,61600.0,,0.64,,
1977,62200.0,0.64,,,
1977,66200.0,,,,0.59
1977,67200.0,,,0.55,
1977,71600.0,,0.66,,
1977,72200.0,0.66,,,0.61
1977,78200.0,,,,0.62
1977,79200.0,,,0.58,
1977,81600.0,,0.68,,
1977,82200.0,0.68,,,0.63
1977,90200.0,,,,0.64
1977,91200.0,,,0.6,
1977,91600.0,,0.6900000000000001,,
1977,92200.0,0.6900000000000001,,,
1977,101600.0,,0.7000000000000001,,
1977,102200.0,0.7000000000000001,,,0.66
1977,103200.0,,,0.62,
1977,122200.0,,,,0.67
1977,123200.0,,,0.64,
1977,142200.0,,,,0.68
1977,143200.0,,,0.66,
1977,162200.0,,,,0.6900000000000001
1977,163200.0,,,0.68,
1977,182200.0,,,,0.7000000000000001
1977,183200.0,,,0.6900000000000001,
1977,203200.0,,,0.7000000000000001,
1978,0.0,0.0,0.0,0.0,0.0
1978,1600.0,,0.14,,
1978,2100.0,,0.15,,
1978,2200.0,0.14,,,0.14
1978,2600.0,,0.16,,
1978,2700.0,0.15,,,
1978,3100.0,,0.17,,
1978,3200.0,0.16,,0.14,0.16
1978,3600.0,,0.19,,
1978,3700.0,0.17,,,
1978,4200.0,0.19,,0.15,0.18
1978,5200.0,,,0.16,
1978,5600.0,,0.22,,
1978,6200.0,0.21,,0.17,0.19
1978,7200.0,,,0.19,
1978,7600.0,,0.25,,
1978,8200.0,0.24,,,0.22
1978,9500.0,,0.28,,
1978,10200.0,0.25,,,0.23
1978,11200.0,,,0.22,
1978,11600.0,,0.32,,
1978,12200.0,0.27,,,0.25
1978,13600.0,,0.36,,
1978,14200.0,0.29,,,0.27
1978,15200.0,,,0.25,
1978,15600.0,,0.39,,
1978,16200.0,0.31,,,0.28
1978,17600.0,,0.42,,
1978,18200.0,0.34,,,0.31
1978,19200.0,,,0.28,
1978,19600.0,,0.45,,
1978,20200.0,0.36,,,0.32
1978,21600.0,,0.48,,
1978,22200.0,0.38,,,0.35000000000000003
1978,23200.0,,,0.32,
1978,23600.0,,0.5,,
1978,24200.0,0.4,,,0.36
1978,26200.0,,,,0.38
1978,27200.0,,,0.36,
1978,27600.0,,0.53,,
1978,28200.0,0.45,,,0.41000000000000003
1978,30200.0,,,,0.42
1978,31200.0,,,0.39,
1978,33600.0,,0.55,,
1978,34200.0,0.5,,,0.45
1978,35200.0,,,0.42,
1978,38200.0,,,,0.48
1978,39200.0,,,0.45,
1978,39600.0,,0.58,,
1978,40200.0,0.55,,,0.51
1978,42200.0,,,,0.52
1978,43200.0,,,0.48,
1978,45600.0,,0.6,,
1978,46200.0,0.6,,,0.55
1978,47200.0,,,0.5,
1978,51600.0,,0.62,,
1978,52200.0,0.62,,,0.56
1978,54200.0,,,,0.58
1978,55200.0,,,0.53,
1978,61600.0,,0.64,,
1978,62200.0,0.64,,,
1978,66200.0,,,,0.59
1978,67200.0,,,0.55,
1978,71600.0,,0.66,,
1978,72200.0,0.66,,,0.61
1978,78200.0,,,,0.62
1978,79200.0,,,0.58,
1978,81600.0,,0.68,,
1978,82200.0,0.68,,,0.63
1978,90200.0,,,,0.64
1978,91200.0,,,0.6,
1978,91600.0,,0.6900000000000001,,
1978,92200.0,0.6900000000000001,,,
1978,101600.0,,0.7000000000000001,,
1978,102200.0,0.7000000000000001,,,0.66
1978,103200.0,,,0.62,
1978,122200.0,,,,0.67
1978,123200.0,,,0.64,
1978,142200.0,,,,0.68
1978,143200.0,,,0.66,
1978,162200.0,,,,0.6900000000000001
1978,163200.0,,,0.68,
1978,182200.0,,,,0.7000000000000001
1978,183200.0,,,0.6900000000000001,
1978,203200.0,,,0.7000000000000001,
1979,0.0,0.0,0.0,0.0,0.0
1979,1700.0,,0.14,,
1979,2300.0,0.14,,,0.14
1979,2750.0,,0.16,,
1979,3400.0,0.16,,0.14,
1979,3800.0,,0.18,,
1979,4400.0,0.18,,,0.16
1979,5500.0,,,0.16,
1979,5950.0,,0.21,,
1979,6500.0,0.19,,,0.18
1979,7600.0,,,0.18,
1979,8000.0,,0.24,,
1979,8500.0,0.21,,,
1979,8700.0,,,,0.22
1979,10100.0,,0.28,,
1979,10800.0,0.24,,,
1979,11800.0,,,,0.24
1979,11900.0,,,0.21,
1979,12300.0,,0.32,,
1979,12900.0,0.26,,,
1979,14950.0,,0.37,,
1979,15000.0,0.3,,,0.26
1979,16000.0,,,0.24,
1979,17600.0,,0.43,,
1979,18200.0,0.34,,,0.31
1979,20200.0,,,0.28,
1979,22900.0,,0.49,,
1979,23500.0,0.39,,,0.36
1979,24600.0,,,0.32,
1979,28800.0,0.44,,,0.42
1979,29900.0,,,0.37,
1979,30000.0,,0.54,,
1979,34100.0,0.49,,,0.46
1979,35200.0,,,0.43,
1979,41500.0,0.55,,,
1979,42800.0,,0.59,,
1979,44700.0,,,,0.54
1979,45800.0,,,0.49,
1979,54700.0,,0.64,,
1979,55300.0,0.63,,,
1979,60000.0,,,0.54,
1979,60600.0,,,,0.59
1979,81200.0,,0.68,,
1979,81800.0,0.68,,,0.63
1979,85600.0,,,0.59,
1979,107700.0,,0.7000000000000001,,
1979,108300.0,0.7000000000000001,,,0.68
1979,109400.0,,,0.64,
1979,161300.0,,,,0.7000000000000001
1979,162400.0,,,0.68,
1979,215400.0,,,0.7000000000000001,
1980,0.0,0.0,0.0,0.0,0.0
1980,1700.0,,0.14,,
1980,2300.0,0.14,,,0.14
1980,2750.0,,0.16,,
1980,3400.0,0.16,,0.14,
1980,3800.0,,0.18,,
1980,4400.0,0.18,,,0.16
1980,5500.0,,,0.16,
1980,5950.0,,0.21,,
1980,6500.0,0.19,,,0.18
1980,7600.0,,,0.18,
1980,8000.0,,0.24,,
1980,8500.0,0.21,,,
1980,8700.0,,,,0.22
1980,10100.0,,0.28,,
1980,10800.0,0.24,,,
1980,11800.0,,,,0.24
1980,11900.0,,,0.21,
1980,12300.0,,0.32,,
1980,12900.0,0.26,,,
1980,14950.0,,0.37,,
1980,15000.0,0.3,,,0.26
1980,16000.0,,,0.24,
1980,17600.0,,0.43,,
1980,18200.0,0.34,,,0.31
1980,20200.0,,,0.28,
1980,22900.0,,0.49,,
1980,23500.0,0.39,,,0.36
1980,24600.0,,,0.32,
1980,28800.0,0.44,,,0.42
1980,29900.0,,,0.37,
1980,30000.0,,0.54,,
1980,34100.0,0.49,,,0.46
1980,35200.0,,,0.43,
1980,41500.0,0.55,,,
1980,42800.0,,0.59,,
1980,44700.0,,,,0.54
1980,45800.0,,,0.49,
1980,54700.0,,0.64,,
1980,55300.0,0.63,,,
1980,60000.0,,,0.54,
1980,60600.0,,,,0.59
1980,81200.0,,0.68,,
1980,81800.0,0.68,,,0.63
1980,85600.0,,,0.59,
1980,107700.0,,0.7000000000000001,,
1980,108300.0,0.7000000000000001,,,0.68
1980,109400.0,,,0.64,
1980,161300.0,,,,0.7000000000000001
1980,162400.0,,,0.68,
1980,215400.0,,,0.7000000000000001,
1981,0.0,0.0,0.0,0.0,0.0
1981,1700.0,,0.14,,
1981,2300.0,0.14,,,0.14
1981,2750.0,,0.16,,
1981,3400.0,0.16,,0.14,
1981,3800.0,,0.18,,
1981,4400.0,0.18,,,0.16
1981,5500.0,,,0.16,
1981,5950.0,,0.21,,
1981,6500.0,0.19,,,0.18
1981,7600.0,,,0.18,
1981,8000.0,,0.24,,
1981,8500.0,0.21,,,
1981,8700.0,,,,0.22
1981,10100.0,,0.28,,
1981,10800.0,0.24,,,
1981,11800.0,,,,0.24
1981,11900.0,,,0.21,
1981,12300.0,,0.32,,
1981,12900.0,0.26,,,
1981,14950.0,,0.37,,
1981,15000.0,0.3,,,0.26
1981,16000.0,,,0.24,
1981,17600.0,,0.43,,
1981,18200.0,0.34,,,0.31
1981,20200.0,,,0.28,
1981,22900.0,,0.49,,
1981,23500.0,0.39,,,0.36
1981,24600.0,,,0.32,
1981,28800.0,0.44,,,0.42
1981,29900.0,,,0.37,
1981,30000.0,,0.54,,
1981,34100.0,0.49,,,0.46
1981,35200.0,,,0.43,
1981,41500.0,0.55,,,
1981,42800.0,,0.59,,
1981,44700.0,,,,0.54
1981,45800.0,,,0.49,
1981,54700.0,,0.64,,
1981,55300.0,0.63,,,
1981,60000.0,,,0.54,
1981,60600.0,,,,0.59
1981,81200.0,,0.68,,
1981,81800.0,0.68,,,0.63
1981,85600.0,,,0.59,
1981,107700.0,,0.7000000000000001,,
1981,108300.0,0.7000000000000001,,,0.68
1981,109400.0,,,0.64,
1981,161300.0,,,,0.7000000000000001
1981,162400.0,,,0.68,
1981,215400.0,,,0.7000000000000001,
1982,0.0,0.0,0.0,0.0,0.0
1982,1700.0,,0.12,,
1982,2300.0,0.12,,,0.12
1982,2750.0,,0.14,,
1982,3400.0,0.14,,0.12,
1982,3800.0,,0.16,,
1982,4400.0,0.16,,,0.14
1982,5500.0,,,0.14,
1982,5950.0,,0.19,,
1982,6500.0,0.17,,,0.16
1982,7600.0,,,0.16,
1982,8000.0,,0.22,,
1982,8500.0,0.19,,,
1982,8700.0,,,,0.2
1982,10100.0,,0.25,,
1982,10800.0,0.22,,,
1982,11800.0,,,,0.22
1982,11900.0,,,0.19,
1982,12300.0,,0.29,,
1982,12900.0,0.23,,,
1982,14950.0,,0.33,,
1982,15000.0,0.27,,,0.23
1982,16000.0,,,0.22,
1982,17600.0,,0.39,,
1982,18200.0,0.31,,,0.28
1982,20200.0,,,0.25,
1982,22900.0,,0.44,,
1982,23500.0,0.35000000000000003,,,0.32
1982,24600.0,,,0.29,
1982,28800.0,0.4,,,0.38
1982,29900.0,,,0.33,
1982,30000.0,,0.49,,
1982,34100.0,0.44,,,0.41000000000000003
1982,35200.0,,,0.39,
1982,41500.0,0.5,,,
1982,42800.0,,0.5,,
1982,44700.0,,,,0.49
1982,45800.0,,,0.44,
1982,60000.0,,,0.49,
1982,60600.0,,,,0.5
1982,85600.0,,,0.5,
1983,0.0,0.0,0.0,0.0,0.0
1983,1700.0,,0.11,,
1983,2300.0,0.11,,,0.11
1983,2750.0,,0.13,,
1983,3400.0,0.13,,0.11,
1983,3800.0,,0.15,,
1983,4400.0,0.15,,,0.13
1983,5500.0,,,0.13,
1983,5950.0,,0.17,,
1983,6500.0,,,,0.15
1983,7600.0,,,0.15,
1983,8000.0,,0.19,,
1983,8500.0,0.17,,,
1983,8700.0,,,,0.18
1983,10100.0,,0.23,,
1983,10800.0,0.19,,,
1983,11800.0,,,,0.19
1983,11900.0,,,0.17,
1983,12300.0,,0.26,,
1983,12900.0,0.21,,,
1983,14950.0,,0.3,,
1983,15000.0,0.24,,,0.21
1983,16000.0,,,0.19,
1983,17600.0,,0.35000000000000003,,
1983,18200.0,0.28,,,0.25
1983,20200.0,,,0.23,
1983,22900.0,,0.4,,
1983,23500.0,0.32,,,0.29
1983,24600.0,,,0.26,
1983,28800.0,0.36,,,0.34
1983,29900.0,,,0.3,
1983,30000.0,,0.44,,
1983,34100.0,0.4,,,0.37
1983,35200.0,,,0.35000000000000003,
1983,41500.0,0.45,,,
1983,42800.0,,0.48,,
1983,44700.0,,,,0.44
1983,45800.0,,,0.4,
1983,54700.0,,0.5,,
1983,55300.0,0.5,,,
1983,60000.0,,,0.44,
1983,60600.0,,,,0.48
1983,81800.0,,,,0.5
1983,85600.0,,,0.48,
1983,109400.0,,,0.5,
1984,0.0,0.0,0.0,0.0,0.0
1984,1700.0,,0.11,,
1984,2300.0,0.11,,,0.11
1984,2750.0,,0.12,,
1984,3400.0,0.12,,0.11,
1984,3800.0,,0.14,,
1984,4400.0,0.14,,,0.12
1984,5500.0,,,0.12,
1984,5950.0,,0.16,,
1984,6500.0,0.15,,,0.14
1984,7600.0,,,0.14,
1984,8000.0,,0.18,,
1984,8500.0,0.16,,,
1984,8700.0,,,,0.17
1984,10100.0,,0.22,,
1984,10800.0,0.18,,,
1984,11800.0,,,,0.18
1984,11900.0,,,0.16,
1984,12300.0,,0.25,,
1984,12900.0,0.2,,,
1984,14950.0,,0.28,,
1984,15000.0,0.23,,,0.2
1984,16000.0,,,0.18,
1984,17600.0,,0.33,,
1984,18200.0,0.26,,,0.24
1984,20200.0,,,0.22,
1984,22900.0,,0.38,,
1984,23500.0,0.3,,,0.28
1984,24600.0,,,0.25,
1984,28800.0,0.34,,,0.32
1984,29900.0,,,0.28,
1984,30000.0,,0.42,,
1984,34100.0,0.38,,,0.35000000000000003
1984,35200.0,,,0.33,
1984,41500.0,0.42,,,
1984,42800.0,,0.45,,
1984,44700.0,,,,0.42
1984,45800.0,,,0.38,
1984,54700.0,,0.49,,
1984,55300.0,0.48,,,
1984,60000.0,,,0.42,
1984,60600.0,,,,0.45
1984,81200.0,,0.5,,
1984,81800.0,0.5,,,0.48
1984,85600.0,,,0.45,
1984,108300.0,,,,0.5
1984,109400.0,,,0.49,
1984,162400.0,,,0.5,
1985,0.0,0.0,0.0,0.0,0.0
1985,1770.0,,0.11,,
1985,2390.0,0.11,,,0.11
1985,2860.0,,0.12,,
1985,3540.0,0.12,,0.11,
1985,3955.0,,0.14,,
1985,4580.0,0.14,,,0.12
1985,5720.0,,,0.12,
1985,6195.0,,0.16,,
1985,6760.0,0.15,,,0.14
1985,7910.0,,,0.14,
1985,8325.0,,0.18,,
1985,8850.0,0.16,,,
1985,9050.0,,,,0.17
1985,10510.0,,0.22,,
1985,11240.0,0.18,,,
1985,12280.0,,,,0.18
1985,12390.0,,,0.16,
1985,12800.0,,0.25,,
1985,13430.0,0.2,,,
1985,15560.0,,0.28,,
1985,15610.0,0.23,,,0.2
1985,16650.0,,,0.18,
1985,18315.0,,0.33,,
1985,18940.0,0.26,,,0.24
1985,21020.0,,,0.22,
1985,23835.0,,0.38,,
1985,24460.0,0.3,,,0.28
1985,25600.0,,,0.25,
1985,29970.0,0.34,,,0.32
1985,31120.0,,,0.28,
1985,31225.0,,0.42,,
1985,35490.0,0.38,,,0.35000000000000003
1985,36630.0,,,0.33,
1985,43190.0,0.42,,,
1985,44545.0,,0.45,,
1985,46520.0,,,,0.42
1985,47670.0,,,0.38,
1985,56930.0,,0.49,,
1985,57550.0,0.48,,,
1985,62450.0,,,0.42,
1985,63070.0,,,,0.45
1985,84510.0,,0.5,,
1985,85130.0,0.5,,,0.48
1985,89090.0,,,0.45,
1985,112720.0,,,,0.5
1985,113860.0,,,0.49,
1985,169020.0,,,0.5,
1986,0.0,0.0,0.0,0.0,0.0
1986,1835.0,,0.11,,
1986,2480.0,0.11,,,0.11
1986,2970.0,,0.12,,
1986,3670.0,0.12,,0.11,
1986,4100.0,,0.14,,
1986,4750.0,0.14,,,0.12
1986,5940.0,,,0.12,
1986,6420.0,,0.16,,
1986,7010.0,0.15,,,0.14
1986,8200.0,,,0.14,
1986,8635.0,,0.18,,
1986,9170.0,0.16,,,
1986,9390.0,,,,0.17
1986,10900.0,,0.22,,
1986,11650.0,0.18,,,
1986,12730.0,,,,0.18
1986,12840.0,,,0.16,
1986,13275.0,,0.25,,
1986,13920.0,0.2,,,
1986,16135.0,,0.28,,
1986,16190.0,0.23,,,0.2
1986,17270.0,,,0.18,
1986,18990.0,,0.33,,
1986,19640.0,0.26,,,0.24
1986,21800.0,,,0.22,
1986,24710.0,,0.38,,
1986,25360.0,0.3,,,0.28
1986,26550.0,,,0.25,
1986,31080.0,0.34,,,0.32
1986,32270.0,,,0.28,
1986,32375.0,,0.42,,
1986,36800.0,0.38,,,0.35000000000000003
1986,37980.0,,,0.33,
1986,44780.0,0.42,,,
1986,46185.0,,0.45,,
1986,48240.0,,,,0.42
1986,49420.0,,,0.38,
1986,59025.0,,0.49,,
1986,59670.0,0.48,,,
1986,64750.0,,,0.42,
1986,65390.0,,,,0.45
1986,87625.0,,0.5,,
1986,88270.0,0.5,,,0.48
1986,92370.0,,,0.45,
1986,116870.0,,,,0.5
1986,118050.0,,,0.49,
1986,175250.0,,,0.5,
1987,0.0,0.11,0.11,0.11,0.11
1987,1500.0,,0.15,,
1987,1800.0,0.15,,,
1987,2500.0,,,,0.15
1987,3000.0,,,0.15,
1987,14000.0,,0.28,,
1987,16800.0,0.28,,,
1987,22500.0,,0.35000000000000003,,
1987,23000.0,,,,0.28
1987,27000.0,0.35000000000000003,,,
1987,28000.0,,,0.28,
1987,38000.0,,,,0.35000000000000003
1987,45000.0,,0.385,0.35000000000000003,
1987,54000.0,0.385,,,
1987,80000.0,,,,0.385
1987,90000.0,,,0.385,
1988,0.0,0.15,0.15,0.15,0.15
1988,14875.0,,0.28,,
1988,17850.0,0.28,,,
1988,23900.0,,,,0.28
1988,29750.0,,,0.28,
1989,0.0,0.15,0.15,0.15,0.15
1989,15475.0,,0.28,,
1989,18550.0,0.28,,,
1989,24850.0,,,,0.28
1989,30950.0,,,0.28,
1990,0.0,0.15,0.15,0.15,0.15
1990,16225.0,,0.28,,
1990,19450.0,0.28,,,
1990,26050.0,,,,0.28
1990,32450.0,,,0.28,
1991,0.0,0.15,0.15,0.15,0.15
1991,17000.0,,0.28,,
1991,20350.0,0.28,,,
1991,27300.0,,,,0.28
1991,34000.0,,,0.28,
1991,41075.0,,0.31,,
1991,49300.0,0.31,,,
1991,70450.0,,,,0.31
1991,82150.0,,,0.31,
1992,0.0,0.15,0.15,0.15,0.15
1992,17900.0,,0.28,,
1992,21450.0,0.28,,,
1992,28750.0,,,,0.28
1992,35800.0,,,0.28,
1992,43250.0,,0.31,,
1992,51900.0,0.31,,,
1992,74150.0,,,,0.31
1992,86500.0,,,0.31,
1993,0.0,0.15,0.15,0.15,0.15
1993,18450.0,,0.28,,
1993,22100.0,0.28,,,
1993,29600.0,,,,0.28
1993,36900.0,,,0.28,
1993,44575.0,,0.31,,
1993,53500.0,0.31,,,
1993,70000.0,,0.36,,
1993,76400.0,,,,0.31
1993,89150.0,,,0.31,
1993,115000.0,0.36,,,
1993,125000.0,,0.396,,
1993,127500.0,,,,0.36
1993,140000.0,,,0.36,
1993,250000.0,0.396,,0.396,0.396
1994,0.0,0.15,0.15,0.15,0.15
1994,19000.0,,0.28,,
1994,22750.0,0.28,,,
1994,30500.0,,,,0.28
1994,38000.0,,,0.28,
1994,45925.0,,0.31,,
1994,55100.0,0.31,,,
1994,70000.0,,0.36,,
1994,78700.0,,,,0.31
1994,91850.0,,,0.31,
1994,115000.0,0.36,,,
1994,125000.0,,0.396,,
1994,127500.0,,,,0.36
1994,140000.0,,,0.36,
1994,250000.0,0.396,,0.396,0.396
1995,0.0,0.15,0.15,0.15,0.15
1995,19500.0,,0.28,,
1995,23350.0,0.28,,,
1995,31250.0,,,,0.28
1995,39000.0,,,0.28,
1995,47125.0,,0.31,,
1995,56550.0,0.31,,,
1995,71800.0,,0.36,,
1995,80750.0,,,,0.31
1995,94250.0,,,0.31,
1995,117950.0,0.36,,,
1995,128250.0,,0.396,,
1995,130800.0,,,,0.36
1995,143600.0,,,0.36,
1995,256500.0,0.396,,0.396,0.396
1996,0.0,0.15,0.15,0.15,0.15
1996,20050.0,,0.28,,
1996,24000.0,0.28,,,
1996,32150.0,,,,0.28
1996,40100.0,,,0.28,
1996,48450.0,,0.31,,
1996,58150.0,0.31,,,
1996,73850.0,,0.36,,
1996,83050.0,,,,0.31
1996,96900.0,,,0.31,
1996,121300.0,0.36,,,
1996,131875.0,,0.396,,
1996,134500.0,,,,0.36
1996,147700.0,,,0.36,
1996,263750.0,0.396,,0.396,0.396
1997,0.0,0.15,0.15,0.15,0.15
1997,20600.0,,0.28,,
1997,24650.0,0.28,,,
1997,33050.0,,,,0.28
1997,41200.0,,,0.28,
1997,49800.0,,0.31,,
1997,59750.0,0.31,,,
1997,75875.0,,0.36,,
1997,85350.0,,,,0.31
1997,99600.0,,,0.31,
1997,124650.0,0.36,,,
1997,135525.0,,0.396,,
1997,138200.0,,,,0.36
1997,151750.0,,,0.36,
1997,271050.0,0.396,,0.396,0.396
1998,0.0,0.15,0.15,0.15,0.15
1998,21175.0,,0.28,,
1998,25350.0,0.28,,,
1998,33950.0,,,,0.28
1998,42350.0,,,0.28,
1998,51150.0,,0.31,,
1998,61400.0,0.31,,,
1998,77975.0,,0.36,,
1998,87700.0,,,,0.31
1998,102300.0,,,0.31,
1998,128100.0,0.36,,,
1998,139225.0,,0.396,,
1998,142000.0,,,,0.36
1998,155950.0,,,0.36,
1998,278450.0,0.396,,0.396,0.396
1999,0.0,0.15,0.15,0.15,0.15
1999,21525.0,,0.28,,
1999,25750.0,0.28,,,
1999,34550.0,,,,0.28
1999,43050.0,,,0.28,
1999,52025.0,,0.31,,
1999,62450.0,0.31,,,
1999,79275.0,,0.36,,
1999,89150.0,,,,0.31
1999,104050.0,,,0.31,
1999,130250.0,0.36,,,
1999,141575.0,,0.396,,
1999,144400.0,,,,0.36
1999,158550.0,,,0.36,
1999,283150.0,0.396,,0.396,0.396
2000,0.0,0.15,0.15,0.15,0.15
2000,21925.0,,0.28,,
2000,26250.0,0.28,,,
2000,35150.0,,,,0.28
2000,43850.0,,,0.28,
2000,52975.0,,0.31,,
2000,63550.0,0.31,,,
2000,80725.0,,0.36,,
2000,90800.0,,,,0.31
2000,105950.0,,,0.31,
2000,132600.0,0.36,,,
2000,144175.0,,0.396,,
2000,147050.0,,,,0.36
2000,161450.0,,,0.36,
2000,288350.0,0.396,,0.396,0.396
2001,0.0,0.15,0.15,0.15,0.15
2001,22600.0,,0.275,,
2001,27050.0,0.275,,,
2001,36250.0,,,,0.275
2001,45200.0,,,0.275,
2001,54625.0,,0.305,,
2001,65550.0,0.305,,,
2001,83250.0,,0.355,,
2001,93650.0,,,,0.305
2001,109250.0,,,0.305,
2001,136750.0,0.355,,,
2001,148675.0,,0.391,,
2001,151650.0,,,,0.355
2001,166500.0,,,0.355,
2001,297350.0,0.391,,0.391,0.391
2002,0.0,0.1,0.1,0.1,0.1
2002,6000.0,0.15,0.15,,
2002,10000.0,,,,0.15
2002,12000.0,,,0.15,
2002,23350.0,,0.25,,
2002,27950.0,0.25,,,
2002,37450.0,,,,0.25
2002,46700.0,,,0.25,
2002,56425.0,,0.28,,
2002,67700.0,0.28,,,
2002,85975.0,,0.33,,
2002,96700.0,,,,0.28
2002,112850.0,,,0.28,
2002,141250.0,0.33,,,
2002,153525.0,,0.35000000000000003,,
2002,156600.0,,,,0.33
2002,171950.0,,,0.33,
2002,307050.0,0.35000000000000003,,0.35000000000000003,0.35000000000000003
2003,0.0,0.1,0.1,0.1,0.1
2003,7000.0,0.15,0.15,,
2003,10000.0,,,,0.15
2003,14000.0,,,0.15,
2003,23725.0,,0.25,,
2003,28400.0,0.25,,,
2003,38050.0,,,,0.25
2003,56800.0,,,0.25,
2003,57325.0,,0.28,,
2003,68800.0,0.28,,,
2003,87350.0,,0.33,,
2003,98250.0,,,,0.28
2003,114650.0,,,0.28,
2003,143500.0,0.33,,,
2003,155975.0,,0.35000000000000003,,
2003,159100.0,,,,0.33
2003,174700.0,,,0.33,
2003,311950.0,0.35000000000000003,,0.35000000000000003,0.35000000000000003
2004,0.0,0.1,0.1,0.1,0.1
2004,7150.0,0.15,0.15,,
2004,10200.0,,,,0.15
2004,14300.0,,,0.15,
2004,29050.0,0.25,0.25,,
2004,38900.0,,,,0.25
2004,58100.0,,,0.25,
2004,58625.0,,0.28,,
2004,70350.0,0.28,,,
2004,89325.0,,0.33,,
2004,100500.0,,,,0.28
2004,117250.0,,,0.28,
2004,146750.0,0.33,,,
2004,159550.0,,0.35000000000000003,,
2004,162700.0,,,,0.33
2004,178650.0,,,0.33,
2004,319100.0,0.35000000000000003,,0.35000000000000003,
2004,319500.0,,,,0.35000000000000003
2005,0.0,0.1,0.1,0.1,0.1
2005,7300.0,0.15,0.15,,
2005,10450.0,,,,0.15
2005,14600.0,,,0.15,
2005,29700.0,0.25,0.25,,
2005,39800.0,,,,0.25
2005,59400.0,,,0.25,
2005,59975.0,,0.28,,
2005,71950.0,0.28,,,
2005,91400.0,,0.33,,
2005,102800.0,,,,0.28
2005,119950.0,,,0.28,
2005,150150.0,0.33,,,
2005,163225.0,,0.35000000000000003,,
2005,166450.0,,,,0.33
2005,182800.0,,,0.33,
2005,326450.0,0.35000000000000003,,0.35000000000000003,0.35000000000000003
2006,0.0,0.1,0.1,0.1,0.1
2006,7550.0,0.15,0.15,,
2006,10750.0,,,,0.15
2006,15100.0,,,0.15,
2006,30650.0,0.25,0.25,,
2006,41050.0,,,,0.25
2006,61300.0,,,0.25,
2006,61850.0,,0.28,,
2006,74200.0,0.28,,,
2006,94225.0,,0.33,,
2006,106000.0,,,,0.28
2006,123700.0,,,0.28,
2006,154800.0,0.33,,,
2006,168275.0,,0.35000000000000003,,
2006,171650.0,,,,0.33
2006,188450.0,,,0.33,
2006,336550.0,0.35000000000000003,,0.35000000000000003,0.35000000000000003
2007,0.0,0.1,0.1,0.1,0.1
2007,7825.0,0.15,0.15,,
2007,11200.0,,,,0.15
2007,15650.0,,,0.15,
2007,31850.0,0.25,0.25,,
2007,42650.0,,,,0.25
2007,63700.0,,,0.25,
2007,64250.0,,0.28,,
2007,77100.0,0.28,,,
2007,97925.0,,0.33,,
2007,110100.0,,,,0.28
2007,128500.0,,,0.28,
2007,160850.0,0.33,,,
2007,174850.0,,0.35000000000000003,,
2007,178350.0,,,,0.33
2007,195850.0,,,0.33,
2007,349700.0,0.35000000000000003,,0.35000000000000003,0.35000000000000003
2008,0.0,0.1,0.1,0.1,0.1
2008,8025.0,0.15,0.15,,
2008,11450.0,,,,0.15
2008,16050.0,,,0.15,
2008,32550.0,0.25,0.25,,
2008,43650.0,,,,0.25
2008,65100.0,,,0.25,
2008,65725.0,,0.28,,
2008,78850.0,0.28,,,
2008,100150.0,,0.33,,
2008,112650.0,,,,0.28
2008,131450.0,,,0.28,
2008,164550.0,0.33,,,
2008,178850.0,,0.35000000000000003,,
2008,182400.0,,,,0.33
2008,200300.0,,,0.33,
2008,357700.0,0.35000000000000003,,0.35000000000000003,0.35000000000000003
2009,0.0,0.1,0.1,0.1,0.1
2009,8350.0,0.15,0.15,,
2009,11950.0,,,,0.15
2009,16700.0,,,0.15,
2009,33950.0,0.25,0.25,,
2009,45500.0,,,,0.25
2009,67900.0,,,0.25,
2009,68525.0,,0.28,,
2009,82250.0,0.28,,,
2009,104425.0,,0.33,,
2009,117450.0,,,,0.28
2009,137050.0,,,0.28,
2009,171550.0,0.33,,,
2009,186475.0,,0.35000000000000003,,
2009,190200.0,,,,0.33
2009,208850.0,,,0.33,
2009,372950.0,0.35000000000000003,,0.35000000000000003,0.35000000000000003
2010,0.0,0.1,0.1,0.1,0.1
2010,8375.0,0.15,0.15,,
2010,11950.0,,,,0.15
2010,16750.0,,,0.15,
2010,34000.0,0.25,0.25,,
2010,45550.0,,,,0.25
2010,68000.0,,,0.25,
2010,68650.0,,0.28,,
2010,82400.0,0.28,,,
2010,104625.0,,0.33,,
2010,117650.0,,,,0.28
2010,137300.0,,,0.28,
2010,171850.0,0.33,,,
2010,186825.0,,0.35000000000000003,,
2010,190550.0,,,,0.33
2010,209250.0,,,0.33,
2010,373650.0,0.35000000000000003,,0.35000000000000003,0.35000000000000003
2011,0.0,0.1,0.1,0.01,0.1
2011,8500.0,0.15,0.15,,
2011,12150.0,,,,0.15
2011,17000.0,,,0.15,
2011,34500.0,0.25,0.25,,
2011,46250.0,,,,0.25
2011,69000.0,,,0.25,
2011,69675.0,,0.28,,
2011,83600.0,0.28,,,
2011,106150.0,,0.33,,
2011,119400.0,,,,0.28
2011,139350.0,,,0.28,
2011,174400.0,0.33,,,
2011,189575.0,,0.35000000000000003,,
2011,193350.0,,,,0.33
2011,212300.0,,,0.33,
2011,379150.0,0.35000000000000003,,0.35000000000000003,0.35000000000000003
2012,0.0,0.1,0.1,0.01,0.1
2012,8700.0,0.15,0.15,,
2012,12400.0,,,,0.15
2012,17400.0,,,0.15,
2012,35350.0,0.25,0.25,,
2012,47350.0,,,,0.25
2012,70700.0,,,0.25,
2012,71350.0,,0.28,,
2012,85650.0,0.28,,,
2012,108725.0,,0.33,,
2012,122300.0,,,,0.28
2012,142700.0,,,0.28,
2012,178650.0,0.33,,,
2012,194175.0,,0.35000000000000003,,
2012,198050.0,,,,0.33
2012,217450.0,,,0.33,
2012,388350.0,0.35000000000000003,,0.35000000000000003,0.35000000000000003
2013,0.0,0.1,0.1,0.1,0.1
2013,8925.0,0.15,0.15,,
2013,12750.0,,,,0.15
2013,17850.0,,,0.15,
2013,36250.0,0.25,0.25,,
2013,48600.0,,,,0.25
2013,72500.0,,,0.25,
2013,73200.0,,0.28,,
2013,87850.0,0.28,,,
2013,111525.0,,0.33,,
2013,125450.0,,,,0.28
2013,146400.0,,,0.28,
2013,183250.0,0.33,,,
2013,199175.0,,0.35000000000000003,,
2013,203150.0,,,,0.33
2013,223050.0,,,0.33,
2013,225000.0,,0.396,,
2013,398350.0,0.35000000000000003,,0.35000000000000003,0.35000000000000003
2013,400000.0,0.396,,,
2013,425000.0,,,,0.396
2013,450000.0,,,0.396,
2014,0.0,0.1,0.1,0.1,0.1
2014,9075.0,0.15,0.15,,
2014,12950.0,,,,0.15
2014,18150.0,,,0.15,
2014,36900.0,0.25,0.25,,
2014,49400.0,,,,0.25
2014,73800.0,,,0.25,
2014,74425.0,,0.28,,
2014,89350.0,0.28,,,
2014,113425.0,,0.33,,
2014,127550.0,,,,0.28
2014,148850.0,,,0.28,
2014,186350.0,0.33,,,
2014,202550.0,,0.35000000000000003,,
2014,206600.0,,,,0.33
2014,226850.0,,,0.33,
2014,228800.0,,0.396,,
2014,405100.0,0.35000000000000003,,0.35000000000000003,0.35000000000000003
2014,406750.0,0.396,,,
2014,432200.0,,,,0.396
2014,457600.0,,,0.396,
2015,0.0,0.1,0.1,0.1,0.1
2015,9225.0,0.15,0.15,,
2015,13150.0,,,,0.15
2015,18450.0,,,0.15,
2015,37450.0,0.25,0.25,,
2015,50200.0,,,,0.25
2015,74900.0,,,0.25,
2015,75600.0,,0.28,,
2015,90750.0,0.28,,,
2015,115225.0,,0.33,,
2015,129600.0,,,,0.28
2015,151200.0,,,0.28,
2015,189300.0,0.33,,,
2015,205750.0,,0.35000000000000003,,
2015,209850.0,,,,0.33
2015,230450.0,,,0.33,
2015,232425.0,,0.396,,
2015,411500.0,0.35000000000000003,,0.35000000000000003,0.35000000000000003
2015,413200.0,0.396,,,
2015,439000.0,,,,0.396
2015,464850.0,,,0.396,
2016,0.0,0.1,0.1,0.1,0.1
2016,9275.0,0.15,0.15,,
2016,13250.0,,,,0.15
2016,18550.0,,,0.15,
2016,37650.0,0.25,0.25,,
2016,50400.0,,,,0.25
2016,75300.0,,,0.25,
2016,75950.0,,0.28,,
2016,91150.0,0.28,,,
2016,115725.0,,0.33,,
2016,130150.0,,,,0.28
2016,151900.0,,,0.28,
2016,190150.0,0.33,,,
2016,206675.0,,0.35000000000000003,,
2016,210800.0,,,,0.33
2016,231450.0,,,0.33,
2016,233475.0,,0.396,,
2016,413350.0,0.35000000000000003,,0.35000000000000003,0.35000000000000003
2016,415050.0,0.396,,,
2016,441000.0,,,,0.396
2016,466950.0,,,0.396,
2017,0.0,0.1,0.1,0.1,0.1
2017,9325.0,0.15,0.15,,
2017,13350.0,,,,0.15
2017,18650.0,,,0.15,
2017,37950.0,0.25,0.25,,
2017,50800.0,,,,0.25
2017,75900.0,,,0.25,
2017,76550.0,,0.28,,
2017,91900.0,0.28,,,
2017,116675.0,,0.33,,
2017,131200.0,,,,0.28
2017,153100.0,,,0.28,
2017,191650.0,0.33,,,
2017,208350.0,,0.35000000000000003,,
2017,212500.0,,,,0.33
2017,233350.0,,,0.33,
2017,235350.0,,0.396,,
2017,416700.0,0.35000000000000003,,0.35000000000000003,0.35000000000000003
2017,418400.0,0.396,,,
2017,444500.0,,,,0.396
2017,470700.0,,,0.396,
2018,0.0,0.1,0.1,0.1,0.1
2018,9525.0,0.15,0.15,,
2018,13600.0,,,,0.15
2018,19050.0,,,0.15,
2018,38700.0,0.25,0.25,,
2018,51850.0,,,,0.25
2018,77400.0,,,0.25,
2018,78075.0,,0.28,,
2018,93700.0,0.28,,,
2018,118975.0,,0.33,,
2018,133850.0,,,,0.28
2018,156150.0,,,0.28,
2018,195450.0,0.33,,,
2018,212475.0,,0.35000000000000003,,
2018,216700.0,,,,0.33
2018,237950.0,,,0.33,
2018,240025.0,,0.396,,
2018,424950.0,0.35000000000000003,,0.35000000000000003,0.35000000000000003
2018,426700.0,0.396,,,
2018,453350.0,,,,0.396
2018,480050.0,,,0.396,
2019,0.0,0.1,0.1,0.1,0.1
2019,9525.0,0.12,0.12,,
2019,13600.0,,,,0.12
2019,19050.0,,,0.12,
2019,38700.0,0.22,0.22,,
2019,51800.0,,,,0.22
2019,77400.0,,,0.22,
2019,82500.0,0.24,0.24,,0.24
2019,157500.0,0.32,0.32,,0.32
2019,165000.0,,,0.24,
2019,200000.0,0.35000000000000003,0.35000000000000003,,0.35000000000000003
2019,300000.0,,0.37,,
2019,315000.0,,,0.32,
2019,400000.0,,,0.35000000000000003,
2019,500000.0,0.37,,,0.37
2019,600000.0,,,0.37,
2020,0.0,0.1,0.1,0.1,0.1
2020,9700.0,0.12,0.12,,
2020,13850.0,,,,0.12
2020,19400.0,,,0.12,
2020,39475.0,0.22,0.22,,
2020,52850.0,,,,0.22
2020,78950.0,,,0.22,
2020,84200.0,0.24,0.24,,0.24
2020,160700.0,,,,0.32
2020,160725.0,0.32,0.32,,
2020,168400.0,,,0.24,
2020,204100.0,0.35000000000000003,0.35000000000000003,,0.35000000000000003
2020,306175.0,,0.37,,
2020,321450.0,,,0.32,
2020,408200.0,,,0.35000000000000003,
2020,510300.0,0.37,,,0.37
2020,612350.0,,,0.37,
2021,0.0,0.1,0.1,0.1,0.1
2021,9875.0,0.12,0.12,,
2021,14100.0,,,,0.12
2021,19750.0,,,0.12,
2021,40125.0,0.22,0.22,,
2021,53700.0,,,,0.22
2021,80250.0,,,0.22,
2021,85500.0,,,,0.24
2021,85525.0,0.24,0.24,,
2021,163300.0,0.32,0.32,,0.32
2021,171050.0,,,0.24,
2021,207350.0,0.35000000000000003,0.35000000000000003,,0.35000000000000003
2021,311025.0,,0.37,,
2021,326600.0,,,0.32,
2021,414700.0,,,0.35000000000000003,
2021,518400.0,0.37,,,0.37
2021,622050.0,,,0.37,
